user_id,user_name,birthdate,age,gender,user_address
7fa5bf17-6170-4fe5-a633-52f11ece3041,박서한,1991-03-07,34,Female,서울특별시 관악구 봉천로63길
c3453404-ca42-47df-832b-8d29da9c9a48,노도형,2005-04-05,20,Male,서울특별시 노원구 동일로45길
09cde4a3-5547-43e5-8220-f5a81678b37c,호세하,1968-04-08,57,Male,서울특별시 송파구 백제고분로61길
a4adbbc8-5dd8-4a91-ade7-a91872366a01,사서은,1991-09-01,34,Male,서울특별시 양천구 오목로18길
46702e78-1923-46af-962c-04168399b676,백선재,1977-05-14,48,Female,서울특별시 서대문구 연희로77길
908f462e-2486-4a36-9e63-c1aa62fff911,원여준,1972-01-23,53,Female,서울특별시 중구 청계천로64길
2c66fa71-38e1-403b-b02b-57f55f654fca,용소원,1994-09-13,31,Male,서울특별시 관악구 난곡로15길
9eb286e2-cc96-401f-9411-09ff3ce1e78f,견재영,1990-01-21,35,Male,서울특별시 관악구 봉천로3길
c70b35ca-a33b-40af-8f9f-91d5932c92cc,마예서,1997-04-11,28,Male,서울특별시 광진구 능동로69길
5fc2c5ff-6948-44c0-b701-3780bf898cf2,선우재훈,1962-01-15,63,Female,서울특별시 강동구 천호대로43길
3b3902d7-ca06-4556-9dfe-bb04c6a56993,하아정,1970-10-10,55,Male,서울특별시 서초구 강남대로21길
0612554d-fd2c-4f30-895a-8dc3068f4760,변윤지,1995-02-05,30,Male,서울특별시 마포구 양화로12길
d0511159-477f-4243-b1da-3135b04b7cc3,동새봄,1967-03-24,58,Female,서울특별시 관악구 봉천로60길
700309ff-2b67-4b5d-9c80-c9f73ee890c0,제갈아민,1987-05-27,38,Female,서울특별시 성북구 종암로50길
0331c497-073b-4002-a677-51d96ca09418,마가민,1961-06-03,64,Female,서울특별시 용산구 한강대로20길
4727585c-b9e1-43a3-9134-a2b43ffadbb4,인석현,1977-01-24,48,Male,서울특별시 강남구 도산대로85길
8b1d26b9-1e60-4693-8e7d-abe899c4e9b8,두다율,1971-07-21,54,Male,서울특별시 종로구 세종대로72길
5a524f4c-3f53-4471-b884-7c24f634b829,황소미,1995-12-13,30,Female,서울특별시 강남구 강남대로36길
d7ce475c-90b6-4fcc-8487-a83c742f612c,전지율,2004-02-21,21,Female,서울특별시 금천구 시흥대로24길
7a2a6c80-0332-4c79-a243-17e518cc282f,함서진,2006-01-04,19,Male,서울특별시 송파구 백제고분로96길
b293824e-d7ac-46fb-aadf-faba419c3c6a,한유담,1991-10-19,34,Male,서울특별시 마포구 신촌로18길
74875aa0-e872-43b9-941b-29c951fc334c,국현지,1997-11-22,28,Male,서울특별시 관악구 난곡로82길
9e1e1e91-5242-4115-919c-ee699f0821e4,정세은,1985-07-16,40,Female,서울특별시 종로구 세종대로50길
de71883b-95ed-41d8-84b5-be1b5666b338,조지운,1999-03-22,26,Male,서울특별시 중구 퇴계로85길
18a5b69a-9365-4446-a834-24485d4efab1,천소원,1974-01-13,51,Male,서울특별시 송파구 중대로62길
8dcfec1a-6338-483d-8be0-d7b705354bab,피민혁,1975-07-15,50,Female,서울특별시 강남구 논현로13길
8212c944-c483-4acf-8686-8f88a2ff05a4,추윤혁,1997-06-23,28,Female,서울특별시 광진구 능동로86길
f8c1c4e8-3ec4-4e1a-90bf-d3f9e30cffb9,기하성,1970-09-06,55,Female,서울특별시 금천구 시흥대로37길
07883852-fe5f-4495-b2d9-189f8505a0f6,왕이수,2000-03-18,25,Female,서울특별시 광진구 자양로76길
0f0402bf-9387-4667-be21-870bddd0ee07,신우찬,1986-09-11,39,Female,서울특별시 강북구 노해로15길
3e08caaf-0106-4522-bca2-deb754c1224c,연은빈,1976-09-18,49,Male,서울특별시 관악구 봉천로36길
a7c977f4-831e-4cfd-aece-f94e5000ec60,마세나,2004-07-11,21,Female,서울특별시 서초구 서초대로14길
6103dd08-1ab5-44c4-a1c4-22bad4c401c0,태정훈,1964-08-20,61,Female,서울특별시 금천구 시흥대로40길
da0abc9a-7ac3-4231-9920-9bc79948419a,국수민,1971-08-10,54,Female,서울특별시 마포구 월드컵로2길
d1b76bbf-67f1-48f8-afe6-b275cd1f7e86,고나예,1965-11-22,60,Male,서울특별시 용산구 원효로25길
37fa2e48-e8ce-4b4a-876b-c7abf4fc9944,엄태성,2001-10-08,24,Female,서울특별시 영등포구 여의대로8길
1e73c2c0-cba1-4d11-b361-47aa03395749,동다온,1981-03-05,44,Female,서울특별시 양천구 오목로65길
3a91f76d-705a-434f-a9ce-a88fa407ce0b,문민호,1999-09-22,26,Female,서울특별시 동대문구 답십리로66길
783979ec-3b5c-46dd-8d6f-1e2fa85113c6,황성빈,1976-09-15,49,Female,서울특별시 금천구 시흥대로36길
fa35c307-dd18-496b-941e-a9bb3c2d59d3,금여진,1999-01-19,26,Male,서울특별시 동작구 흑석로32길
bb7afe6e-667f-486c-bee0-a37f5bc2e9bf,강하온,1998-01-02,27,Female,서울특별시 서대문구 명지대길40길
dfda374b-fb3a-4abf-8a68-49b8a78aee5e,성승재,1972-12-19,53,Male,서울특별시 은평구 연서로40길
c1d39c71-e531-438c-a724-748b2f3afa2b,시로은,1997-12-03,28,Male,서울특별시 강동구 천호대로26길
b2a6dcd8-5778-4ae4-bc7f-3aef222e4aa7,반하은,1977-10-18,48,Male,서울특별시 강남구 강남대로39길
050d614c-0d3e-437c-bea9-ee0e75044ac0,제원,1961-08-25,64,Male,서울특별시 서대문구 통일로91길
db2cdec1-2c7e-42ca-8983-9d4fd02500cd,지제이,2002-01-21,23,Female,서울특별시 은평구 증산로64길
3748fc4c-7d4a-41b4-985f-7c641de94b40,가하임,1979-07-14,46,Male,서울특별시 양천구 신정로47길
ab09dc3f-456d-477e-a168-4b6a5753ecd1,사현,1984-05-10,41,Female,서울특별시 중구 퇴계로91길
050aa0dc-65d3-43af-a39b-7d1709f06b98,염효빈,1994-10-06,31,Female,서울특별시 서대문구 통일로82길
5a5cb6a2-0f72-4f77-9191-7c8e047ccf6e,선규린,1991-12-23,34,Female,서울특별시 양천구 신정로81길
a35d3f00-ff11-4914-9fe5-fb4ae666a537,설태우,2006-07-09,19,Female,서울특별시 성동구 금호로97길
72a152b4-0ee3-420f-b64e-014f4d451513,태채원,2009-12-16,16,Female,서울특별시 영등포구 국회대로90길
7de02b71-da87-4085-89b5-85099e421057,예재혁,1999-05-06,26,Male,서울특별시 관악구 남부순환로8길
2ef264b9-238f-4293-9dd6-0a5698aac6f7,손현욱,1979-03-03,46,Female,서울특별시 서초구 남부순환로72길
2447bc2f-f9d7-4988-9256-d43a4ce35f1b,선우효린,1960-11-27,65,Female,서울특별시 중구 퇴계로12길
bd1e0469-01b1-43e2-aa7f-48e3a96cefc7,육다예,1997-10-21,28,Male,서울특별시 송파구 중대로90길
142d9abc-9e58-4ac4-86f3-fa64c2b92652,황정환,1961-04-13,64,Male,서울특별시 광진구 능동로55길
310fce96-2fa7-4f5e-a2aa-b5d10a990020,빈태성,1989-03-24,36,Female,서울특별시 마포구 독막로45길
3d3cd24f-966e-4831-a003-a51465699841,임수지,1978-05-13,47,Male,서울특별시 송파구 백제고분로3길
ea242eec-3c00-43d2-955c-e856ef924778,우성욱,1960-09-21,65,Male,서울특별시 은평구 연서로24길
a11d3893-33d5-45dd-80e5-db2a7e309598,안세준,2004-04-08,21,Male,서울특별시 광진구 능동로62길
53654b93-dc23-4160-9774-fcfc486a4d31,빈연수,1984-01-27,41,Female,서울특별시 강남구 봉은사로29길
d70eb536-9df0-4b78-b519-d3c8b0c8b13e,홍지오,2002-05-05,23,Female,서울특별시 동대문구 장한로16길
8e22b7f3-add9-4fb2-ba6d-09425572cbe0,피이현,1989-07-12,36,Male,서울특별시 노원구 동일로68길
8ca5fc06-4373-4e53-b390-62ee8548f0c2,백소이,1987-08-26,38,Male,서울특별시 서초구 남부순환로79길
d252112f-2ba6-4e7f-969c-799da2ca0713,인다미,1980-08-15,45,Female,서울특별시 송파구 백제고분로65길
3fc1f80b-1f3b-426d-ba67-fd332fac9f81,피현진,2000-09-06,25,Male,서울특별시 강남구 영동대로80길
44777c06-a40d-44c9-aeea-c28bf4f7e690,염진서,2009-10-07,16,Female,서울특별시 강동구 성내로67길
a2a73268-7102-4da0-baa3-5386161a4eda,박윤정,1973-02-26,52,Female,서울특별시 영등포구 선유로94길
95ee6055-f405-4070-ab56-42c1a76df63b,갈영진,1994-04-11,31,Female,서울특별시 강남구 영동대로91길
dc7e9cd7-f2f1-4363-918d-aed0d6749bf4,추민승,2000-12-14,25,Female,서울특별시 강남구 봉은사로97길
cc6f6bec-4cd3-4e77-adcf-a29cdba030bd,심연수,1965-05-04,60,Female,서울특별시 동대문구 천호대로92길
d3a6c59d-ab41-4534-8a63-a8b8e3015c38,위여원,1998-08-14,27,Male,서울특별시 서초구 반포대로68길
e0aba476-3c41-4ce7-8770-6abb89257846,호민지,1992-01-01,33,Female,서울특별시 종로구 종로41길
21100328-3c8a-4a09-8b8a-4cbef2cf40b7,제갈영서,2010-06-19,15,Female,서울특별시 강서구 양천로26길
40c32630-c903-4208-95e0-ba5fa0875b14,사단우,1971-07-06,54,Male,서울특별시 강동구 성내로26길
938ec6a1-c398-45d1-a45b-18f4aa36e11f,설진,2007-12-11,18,Female,서울특별시 강북구 도봉로68길
7f81d721-35b0-485e-b7f5-9576fcd374e5,기지안,1967-12-20,58,Female,서울특별시 서대문구 명지대길84길
b742d900-04e4-4b55-965a-63b7d81f6d2f,용이은,1991-09-23,34,Male,서울특별시 종로구 삼봉로50길
6df5394d-1642-4521-aea6-548dbce071d4,황하빈,1998-06-25,27,Male,서울특별시 서초구 신반포로41길
d10ce2a2-604a-4bb8-8aa8-71e785902db2,동동윤,1986-07-04,39,Female,서울특별시 관악구 관악로2길
d3c91323-70fc-4120-8028-cc7c8188db4b,한예림,1980-07-02,45,Male,서울특별시 강남구 선릉로58길
585b9086-01f9-44dd-82b7-b30715dbced5,노서하,2004-04-04,21,Female,서울특별시 용산구 한강대로75길
e1bf82fa-d410-415d-8a31-ea9fb68039c3,민진아,1984-04-21,41,Female,서울특별시 서초구 강남대로32길
ed192ea2-3e52-4e04-bfb5-a2fa8b845226,용진호,2003-06-04,22,Male,서울특별시 용산구 원효로47길
d81e65d0-99e2-442e-8e7b-f4993a671a68,윤재하,1966-07-15,59,Male,서울특별시 동대문구 왕산로85길
cfe11a8b-cf59-44c0-9bec-b5a4354dae52,최하민,1978-07-17,47,Female,서울특별시 성동구 왕십리로42길
17ec856c-b343-4804-b528-88505a0a7ed7,맹가윤,2010-03-10,15,Female,서울특별시 구로구 경인로82길
3c57377a-470b-4826-8d0f-60a7fb2f684a,호서연,2010-02-25,15,Female,서울특별시 강동구 올림픽로13길
b2ca0e81-856e-4ee1-8a61-1a7d22e48a80,신세현,1993-04-11,32,Male,서울특별시 영등포구 선유로93길
cce2ed2c-e86d-4010-83ec-3f8dc8752bb6,신예은,2007-03-08,18,Male,서울특별시 종로구 사직로70길
58a5711e-d34d-4277-b0cf-ac65e32dafea,임서희,1975-02-05,50,Male,서울특별시 종로구 삼봉로87길
f992b669-4ef2-404d-8966-281b40958b31,추은아,1963-05-02,62,Female,서울특별시 강동구 양재대로56길
fd57b6ad-7a03-4f4a-bd48-ebc17d2204e3,추성원,1961-04-13,64,Male,서울특별시 광진구 광나루로45길
75dae694-c9b7-41b2-85de-be7308239a2c,단주하,1993-05-13,32,Female,서울특별시 중구 을지로96길
5a193b17-8d00-4916-a708-610f1db1bd62,나한나,1972-05-18,53,Female,서울특별시 영등포구 국회대로20길
ef279b59-0d20-47a5-99d3-b4d9c176ca48,제갈이진,1997-04-11,28,Female,서울특별시 관악구 난곡로11길
bd200696-7a42-43a8-8564-ed91f744536e,탁하빈,1981-07-15,44,Female,서울특별시 강동구 올림픽로74길
0ea8f5af-a7f6-4d94-8550-78c62dc2960f,예태우,1980-05-14,45,Female,서울특별시 용산구 이태원로92길
1b5e3f6a-20b1-4cbe-872a-3fbb639320ed,범하빈,1988-12-15,37,Male,서울특별시 강남구 테헤란로84길
53e424be-2b7e-45ae-822b-83edafd86593,기태이,1993-09-23,32,Male,서울특별시 강동구 올림픽로93길
f3f02dd0-1cb9-4e14-806e-630609df6449,장태이,1976-10-24,49,Male,서울특별시 성동구 왕십리로92길
292fa462-5439-473c-8389-dfa467288448,문지웅,1988-02-24,37,Female,서울특별시 강서구 양천로53길
83c86339-8513-41d6-8a41-6121dbc3a225,윤아림,1977-07-06,48,Female,서울특별시 동대문구 장한로77길
26228cca-a674-43d4-bfbe-2b59ab2278bd,서문태희,1995-08-22,30,Female,서울특별시 도봉구 도봉로31길
90843c34-8d3f-4040-9bdc-104d72803d23,온시호,1987-08-21,38,Male,서울특별시 송파구 오금로77길
6d70206b-86c4-4cdc-9f92-65b2889a31da,여채영,1989-02-28,36,Male,서울특별시 양천구 신정로100길
b2b450ee-aa89-4569-ace4-62fbf3b0f4ec,황보승아,1963-11-23,62,Male,서울특별시 영등포구 국회대로23길
e52a48db-ed9f-4d17-8de7-1d7079830bb6,금해인,1979-12-06,46,Female,서울특별시 양천구 목동중앙본로53길
9006fe03-4353-4a6f-a745-02288fc9814f,은은주,1993-11-17,32,Female,서울특별시 성동구 행당로63길
d600799c-66ad-415c-be92-5200e0ea6edb,두지안,1992-03-24,33,Male,서울특별시 송파구 위례성대로49길
8752aa0a-231d-4d44-9b58-3f416b6647d6,염시영,1982-07-06,43,Male,서울특별시 동작구 상도로52길
c6dd9606-2ab0-4e41-917d-8c4d7840dd7a,피민찬,1979-12-16,46,Male,서울특별시 중구 을지로85길
61d77759-73d0-49d6-befa-69e038608801,부세영,1964-08-27,61,Female,서울특별시 마포구 마포대로78길
674e3b51-f19d-453b-babc-d94cd425870d,간시훈,2007-01-22,18,Male,서울특별시 마포구 독막로35길
6406a62b-e416-4401-9021-d25d29fd230e,두가민,1984-05-10,41,Female,서울특별시 금천구 시흥대로48길
e0a337e4-e63b-400d-9b0b-1349c23601e7,양수영,1972-09-20,53,Male,서울특별시 서초구 신반포로95길
63911621-9f81-476b-bbba-7861d978ab08,양예빈,1982-01-22,43,Male,서울특별시 강남구 테헤란로46길
956375c0-d975-457e-9798-5159780ffa84,채민영,2002-05-23,23,Female,서울특별시 용산구 이태원로96길
a8d32b8e-04bc-4c01-a91f-a60c1790cc5c,곽현석,2002-05-22,23,Female,서울특별시 도봉구 노해로25길
e2a2c590-e9f5-446b-8ec3-3fae9af8c605,전효은,1969-10-16,56,Male,서울특별시 관악구 남부순환로76길
ede487e2-c1ff-4ba8-8727-33d96ae7f752,박서영,1987-12-20,38,Male,서울특별시 관악구 남부순환로89길
e031fccd-f659-4dfd-803d-bd3d4ff75cb6,선우도준,2003-07-19,22,Male,서울특별시 구로구 경인로68길
a142f788-45b9-4dec-bcdb-01179b91b7ee,천로하,1986-05-08,39,Male,서울특별시 마포구 마포대로54길
d18ef9b8-d409-4fe1-8169-cc38ed2d53bc,백라윤,2009-05-21,16,Female,서울특별시 중구 필동로21길
2c107865-dbfc-4cee-8eaa-265ada77be69,황보승아,1967-03-17,58,Male,서울특별시 중랑구 중랑천로26길
857c2561-cafc-4fed-be4a-22b8154d0651,전민수,1964-04-26,61,Male,서울특별시 강남구 강남대로95길
6f2e3f1f-50b3-49ef-9469-d7225d84cab5,설승주,1980-03-18,45,Male,서울특별시 금천구 두산로59길
3a91db09-3284-4822-9603-4c99946e15d7,엄주안,1983-10-12,42,Female,서울특별시 동대문구 천호대로23길
73f55adc-9956-4392-9373-bfe40fba047b,구다희,1985-07-12,40,Female,서울특별시 노원구 노해로66길
1d2d3464-c77c-4a67-97e0-0eed8f82deb4,엄재율,2003-09-10,22,Male,서울특별시 송파구 중대로83길
1d1f9e00-cf64-4e55-9074-8d69702d4904,백현주,1989-06-08,36,Female,서울특별시 강서구 양천로44길
19bbd8ea-fb5e-4064-bd48-985717ee5ee6,기시유,2003-12-19,22,Female,서울특별시 종로구 율곡로23길
8253c61a-8787-4ddf-bf25-556891520130,전누리,1978-02-22,47,Male,서울특별시 관악구 봉천로98길
be5e0fb1-58d6-4300-a4fd-da0fdc41baef,제갈도준,1961-10-03,64,Male,서울특별시 은평구 연서로54길
89e76865-cbe5-43e8-868e-ee3515fb0241,석주현,1996-11-15,29,Male,서울특별시 동대문구 답십리로51길
96408bc1-a7df-4e3e-b1e2-a86c2bbb7f30,지윤아,2007-09-23,18,Male,서울특별시 노원구 동일로6길
8353e922-32ed-4b03-a39d-9ced0207e62e,감현재,1972-02-02,53,Female,서울특별시 영등포구 국회대로21길
e11356d2-9323-4d4f-85d8-63fbed92fc5a,도태건,2000-08-01,25,Female,서울특별시 광진구 아차산로33길
b7df9b06-0eaa-4c61-9b87-0465fe0a32c0,당준성,2009-12-06,16,Male,서울특별시 마포구 양화로15길
966ecc61-93ca-40f4-9967-ca2200ae3708,류정호,1967-10-08,58,Male,서울특별시 도봉구 도봉로90길
a61357fd-cce2-4333-bc36-f73104c2b726,단다은,2010-04-09,15,Female,서울특별시 영등포구 국회대로21길
535fce40-62a3-465a-af9b-4fd6f9955a41,강선율,2007-01-27,18,Male,서울특별시 성북구 화랑로35길
7c5da9d8-ead5-4c92-baa4-a0f0fa960e14,양시안,1970-04-17,55,Female,서울특별시 중구 퇴계로75길
8a43282b-7e8c-4da9-a268-c4c04dc70e5b,문다영,2003-12-10,22,Male,서울특별시 서대문구 명지대길2길
579fc1c1-b945-494c-b96b-161a297d1eb8,권송연,2005-07-09,20,Female,서울특별시 중구 필동로99길
26a311e8-41bb-41e5-bc49-74f07f94a921,서문다정,1976-06-27,49,Female,서울특별시 종로구 삼봉로57길
250e6773-e00a-4e1f-a861-c71a84fa7bb2,목혜림,1977-11-19,48,Male,서울특별시 강남구 도산대로25길
ddbc35fb-9846-4775-9f5e-a25d5127b53d,원이담,2006-03-21,19,Female,서울특별시 관악구 관악로58길
b1b9dcc6-a15d-43b1-88d6-2870f2bf23ab,온하늬,1993-04-17,32,Male,서울특별시 종로구 자하문로63길
b6aeb737-ff6d-4908-ae6a-f23923124f88,주서호,1967-08-14,58,Female,서울특별시 광진구 자양로98길
61c9d3c4-648e-4cae-b132-cab436c1de88,류로운,1972-06-22,53,Male,서울특별시 구로구 구로중앙로18길
de138fe8-75be-4f54-99d4-9497b3c4c607,방경민,2006-04-10,19,Female,서울특별시 광진구 아차산로33길
e6d6a842-1810-4a78-b041-57773b78736c,좌여원,2004-12-21,21,Female,서울특별시 종로구 자하문로23길
c7607565-42d8-49bc-a797-fcb21fd23f76,맹가윤,1988-03-21,37,Male,서울특별시 서초구 신반포로81길
3b8c2a61-734b-4001-8221-ad7d805dd557,양나린,1996-08-15,29,Female,서울특별시 노원구 한글비석로6길
7972086a-968e-4589-9a87-b58f873bc39d,안이은,1981-02-28,44,Female,서울특별시 서초구 반포대로4길
d2b42cc4-57c0-413a-ac67-1cbbfda8107a,원시우,1991-09-09,34,Female,서울특별시 성동구 행당로69길
3591b06b-09be-4d9d-94ca-a0c34244f01a,석요한,2007-07-07,18,Female,서울특별시 마포구 양화로40길
a543033b-a367-4f3a-84fb-202ad3f6bec8,단해나,1989-06-21,36,Male,서울특별시 성북구 화랑로100길
cfea7b20-287b-4f70-8058-1892e6a58f08,차시우,2007-08-22,18,Female,서울특별시 성동구 마조로73길
1ee04344-eaea-4f61-8ee0-0b49564e88ee,복주연,1971-08-16,54,Male,서울특별시 성동구 마조로76길
e2388049-772b-44ea-8310-5a7f23a48d9a,기연지,1963-09-18,62,Male,서울특별시 종로구 세종대로23길
877683cb-f33c-4075-a0ac-628f4866d4ba,변태리,1985-05-11,40,Female,서울특별시 강북구 도봉로23길
b7bb9de1-2b90-4b09-8356-da13ba4ed19d,황보시은,1989-05-26,36,Male,서울특별시 은평구 연서로87길
17cd7f42-f42b-4c24-a6b9-299dcbf68c2d,전지수,2010-12-19,15,Female,서울특별시 영등포구 여의대로79길
d8f9168f-30a8-4e3b-94c6-50f7d0852df7,길규빈,1962-11-07,63,Male,서울특별시 은평구 증산로2길
7b5971ff-e481-4e47-b5d7-3f159d5abd6e,나찬호,1961-08-07,64,Female,서울특별시 성동구 행당로48길
3c3df4c3-c184-4e1b-ac28-9006243bcf1d,단유하,1997-08-13,28,Male,서울특별시 용산구 원효로89길
cacc332e-63b7-4e6c-9e72-44ebcaf06cb8,하하연,1977-04-28,48,Male,서울특별시 종로구 삼봉로5길
9f8f8083-7a70-46b8-8f87-727429ecc965,장주아,2007-06-10,18,Male,서울특별시 강남구 테헤란로93길
2007a7c8-d17d-4ab6-bf2e-d0d10b54a745,문용준,2002-11-14,23,Male,서울특별시 노원구 한글비석로90길
078f9386-49dc-4c70-98ea-df3976b84284,손태빈,1993-03-21,32,Female,서울특별시 동작구 흑석로93길
cdd8a4b8-05a5-4b52-9c60-dd76b62798d6,진정은,1986-07-04,39,Male,서울특별시 강동구 천호대로62길
eda8194a-e69b-41c8-bb54-cfd743722e98,심준원,1965-02-21,60,Male,서울특별시 마포구 마포대로50길
a1764da5-a23f-457e-88de-a18a2a79817e,은하윤,2003-05-18,22,Male,서울특별시 영등포구 선유로63길
c54e8dbe-087d-411e-acf0-b36bc394341e,황유하,1969-03-06,56,Male,서울특별시 강북구 노해로54길
319ab9fe-cd61-4d5f-8eae-9309d4c55b45,당수연,1990-09-04,35,Female,서울특별시 강남구 봉은사로93길
d70f44c7-3803-4d35-88ab-f1a5c20d9157,유선재,1986-04-07,39,Female,서울특별시 강남구 테헤란로5길
7398cd27-53c8-4ba0-8881-cc2cfa11e23a,천주희,2003-05-20,22,Male,서울특별시 마포구 마포대로50길
38beb3cb-c59d-4b0d-b7de-bccf24604af5,인태원,1990-07-11,35,Male,서울특별시 서초구 신반포로91길
73de55b7-63cc-4b09-bfaa-1993671a761d,전다나,1974-11-02,51,Male,서울특별시 서초구 반포대로41길
9fb70fc5-3caa-429b-9d0c-fde692d4f055,은시훈,1986-06-07,39,Female,서울특별시 중구 을지로14길
8e17a273-d312-487b-8609-82f06740c6c2,유로은,1964-01-27,61,Female,서울특별시 동대문구 왕산로32길
3974021a-6147-4079-bc0d-6ddddf9bbe1d,채채아,1976-11-25,49,Female,서울특별시 영등포구 국회대로69길
9dfa0175-daf7-4d5b-ad2e-d0ff51d078f6,형영재,2007-04-26,18,Female,서울특별시 성북구 화랑로46길
dfa8792e-f478-44d5-860c-653eac6e668f,단은율,2002-04-24,23,Female,서울특별시 금천구 가산디지털1로73길
94050090-1cbd-4c47-830f-c36834e9a34b,임아림,1994-12-07,31,Female,서울특별시 동대문구 답십리로83길
3bf6eb80-fc1c-48d6-8e8c-53c97f31db7e,빈주성,1962-12-05,63,Female,서울특별시 도봉구 도봉로43길
5bc56881-6b2c-4fab-b25c-db5b2d307e67,최유정,1987-06-06,38,Male,서울특별시 강북구 노해로28길
b5ac2849-a810-48d5-bbc7-4765b652a731,서문호진,1972-12-17,53,Female,서울특별시 은평구 연서로31길
dc507069-858d-4659-b81a-ef9e08407b63,구리우,1963-03-25,62,Female,서울특별시 강남구 선릉로34길
ceb63f67-f4c9-4bb2-a581-343f8cd1db3e,동아름,1972-03-04,53,Female,서울특별시 금천구 시흥대로97길
bc127c89-5929-4464-b3ef-35a8ee52c545,윤성원,1975-08-20,50,Female,서울특별시 강북구 삼양로73길
8948f0b3-b371-489a-a825-f5377abd6c91,도이서,2009-05-13,16,Female,서울특별시 노원구 동일로98길
93a2187f-5337-4784-a93a-85b415d057da,가다정,1973-12-02,52,Male,서울특별시 관악구 남부순환로59길
81e5eb94-b528-406b-bb29-3c8a5df36c67,홍태성,1967-12-08,58,Male,서울특별시 서초구 강남대로86길
31a34800-6ac1-4734-9f7f-d5fe86e51a0a,노연지,1975-07-23,50,Male,서울특별시 강서구 화곡로34길
db473ace-b2dc-44ff-9a31-826258136ea6,좌하루,1960-05-28,65,Female,서울특별시 중구 퇴계로87길
9b9468f0-9520-48c2-9f39-258d94b69365,간도운,1998-06-20,27,Male,서울특별시 마포구 마포대로52길
1a7113d7-56a7-452e-8ac7-409f203bc5f9,사공유주,1971-10-19,54,Female,서울특별시 광진구 아차산로18길
f1e51774-75d3-4972-9e76-aae51fd4ce9a,간여울,1960-02-01,65,Male,서울특별시 종로구 종로94길
67e8c183-04fd-4118-838d-f665fd83997b,제희찬,1993-10-06,32,Male,서울특별시 서초구 강남대로62길
c24c5138-b5fd-48d7-b4ff-f481bfad638f,설성재,2000-05-05,25,Male,서울특별시 송파구 문정로69길
39af0692-b382-4f83-9f51-ccd80ea05d64,오요한,1986-06-07,39,Male,서울특별시 송파구 오금로100길
b6f36d4e-ec4c-4ad7-9f36-69a5dc631e57,형영우,2005-05-24,20,Male,서울특별시 성북구 종암로53길
afde7970-e7ba-4227-9e64-447e2ec002f4,원태율,1983-03-15,42,Male,서울특별시 노원구 한글비석로75길
416b3491-e80e-47a3-9952-9dd04121937d,함도헌,1980-05-16,45,Male,서울특별시 강남구 도산대로14길
65b56dea-d2c5-4a68-ae08-e6a7b49334da,봉우혁,1973-01-07,52,Male,서울특별시 성북구 종암로75길
f329a8d4-2d71-4d6a-911e-ebc78e57bbf8,변인호,1982-09-24,43,Female,서울특별시 영등포구 여의대로1길
7b10fc7a-f7a1-442f-99bd-39e6a9bd061c,홍현서,2010-04-18,15,Male,서울특별시 구로구 경인로3길
4345893b-0830-47b9-9897-dee79e70c109,서문채현,1962-11-02,63,Female,서울특별시 종로구 자하문로66길
a4767a2c-bbb5-4880-a178-8c1dd633de4d,당민,1983-08-15,42,Male,서울특별시 성북구 화랑로31길
cd5ef40c-fc4d-453e-a410-4b70322e36bf,전재은,1999-10-18,26,Female,서울특별시 송파구 가락로74길
ab4fb328-8ea4-45ff-8fba-8d532e32cba5,위정현,1982-06-28,43,Female,서울특별시 강남구 테헤란로81길
41acb5cd-3caf-4310-bedb-ceb81c274627,동연우,1996-11-01,29,Male,서울특별시 마포구 마포대로24길
4e31b651-d008-49e9-86c4-3001c4333993,고민선,1977-01-13,48,Female,서울특별시 성북구 종암로73길
81b98a25-6e6f-474e-9d51-50d1ef5c14c4,가하음,1979-08-04,46,Male,서울특별시 중랑구 중랑천로96길
aba764f7-a040-40a4-a807-d9dbd0b60c27,선우민선,1994-10-19,31,Female,서울특별시 성동구 마조로28길
e0c8b7cd-3b04-46ec-ae2e-8e14a76db89d,추세연,1963-11-21,62,Female,서울특별시 영등포구 영등포로48길
2547ac1c-ad83-4bc0-98fd-28a8478022f7,송시영,1971-03-24,54,Female,서울특별시 강동구 천호대로49길
3056d8fd-6ec6-4ef7-af64-fbbdf722e919,갈유준,2005-12-12,20,Male,서울특별시 동대문구 천호대로26길
90f26b79-c05d-4257-9661-f8c33794b43c,갈현진,1969-06-26,56,Female,서울특별시 중구 을지로16길
aa946626-f066-412c-aea0-f3cd661dc8d3,호연재,1980-04-19,45,Male,서울특별시 송파구 가락로92길
efdf33e4-2397-4758-94d9-86f81ffb4097,인민승,1982-05-22,43,Male,서울특별시 종로구 율곡로56길
947f9c3b-e7b3-41ea-9663-d8781f584eab,황보라엘,1983-03-05,42,Male,서울특별시 금천구 시흥대로75길
1f94bb4e-84df-4cb2-bf90-3e4462c8fa0e,예영훈,2001-11-01,24,Male,서울특별시 성동구 왕십리로44길
5aa6c888-d54a-40ba-8c8a-c08a4d21ec1c,엄인아,1967-10-10,58,Male,서울특별시 강동구 천호대로100길
da803ffd-5227-43b2-8982-de29321dcb9b,사로이,2004-11-21,21,Female,서울특별시 강서구 양천로20길
373c5ae8-2762-4797-a4a0-fa4def3f79e7,구성민,2006-05-03,19,Female,서울특별시 서초구 서초대로100길
703e76ac-35cb-4c1c-84ec-ce6e79bea473,하서하,1981-11-26,44,Male,서울특별시 광진구 자양로40길
78ba3444-4721-467e-a29a-bb32c2e447cd,형서율,1984-06-02,41,Female,서울특별시 송파구 가락로34길
ea89c423-0630-4e2a-a787-eab77dde2e19,신지예,2006-09-06,19,Male,서울특별시 동대문구 천호대로78길
7ebce822-933f-4553-a013-8c19ea534287,민누리,1961-09-06,64,Female,서울특별시 중구 청계천로35길
1373819a-9725-40c0-b482-a871d9c57de7,주린,1965-07-15,60,Male,서울특별시 용산구 원효로73길
a08f54d6-7e24-4107-a7f1-bb48a8cad72e,전선호,2006-03-23,19,Female,서울특별시 중구 청계천로66길
1a8d3fbf-c5a8-4912-97a3-f6a2660fe751,오진원,1967-01-14,58,Female,서울특별시 동대문구 장한로48길
c8dd018b-93c0-433b-87a6-e4476ab1acba,조채원,1977-04-18,48,Female,서울특별시 은평구 연서로11길
593a6e24-cb64-4114-9ef1-67503dd96d43,심은후,1987-04-23,38,Female,서울특별시 중구 퇴계로28길
b6bb7408-09cb-44f2-b053-6fc07f1a0f93,사혜민,1964-09-20,61,Female,서울특별시 강동구 올림픽로11길
2fa03478-abbe-4590-a84d-484707ef223f,남진혁,1975-04-21,50,Male,서울특별시 성동구 행당로7길
6f880dc7-acd5-416b-8274-53c4dc40bc60,용지완,2007-01-08,18,Male,서울특별시 종로구 자하문로63길
a3ca7bd0-e066-4a45-855d-774ab28e9bd0,팽예지,1993-08-11,32,Female,서울특별시 강남구 도산대로25길
e1c6682f-eb21-487f-9140-aaa93ee86cf4,장다원,1974-07-02,51,Male,서울특별시 마포구 신촌로22길
eb93047f-4701-46b8-8cc9-dc36a1bad530,소지율,1968-11-10,57,Male,서울특별시 광진구 능동로68길
6ecf67bd-878f-4843-960c-4cbbcb59f210,윤유민,1966-03-14,59,Male,서울특별시 양천구 신정로87길
ba7b8388-12cd-4c99-adcb-cf8576b93728,피정현,1982-07-09,43,Male,서울특별시 서대문구 통일로50길
0da43e4f-a41d-4375-a709-a2f260fa74a2,봉연희,2001-11-10,24,Male,서울특별시 성동구 금호로40길
f203d1a6-78fa-45bf-9d89-b8b230d08471,길하민,1988-06-08,37,Female,서울특별시 강남구 도산대로6길
b755a1fa-ebb3-4155-a303-29e0ac868799,어은규,1963-04-04,62,Male,서울특별시 서대문구 명지대길55길
b9fa45fc-2d4b-46ad-ba97-1e4977cd9600,양수빈,2002-11-16,23,Female,서울특별시 광진구 능동로85길
c4231472-bc88-4545-b933-0402de845234,소윤하,1980-08-18,45,Female,서울특별시 영등포구 선유로8길
67af2ac5-ca12-47fc-84d8-1d466d212731,채해윤,1993-07-01,32,Male,서울특별시 구로구 구로중앙로13길
d5eb8bdb-dfc5-4c59-86c3-ab727d1c444b,허동훈,1985-09-24,40,Male,서울특별시 강서구 양천로63길
5ccad0d5-3ead-4159-a656-3c4944979260,목혁준,1972-11-18,53,Male,서울특별시 강북구 삼양로17길
146232e8-6a76-4004-8a0b-2b362ff3df07,윤유현,1975-12-27,50,Male,서울특별시 종로구 세종대로94길
6e149912-29ee-4955-a996-b02797502f39,구서한,1998-10-10,27,Male,서울특별시 송파구 중대로31길
bcf2faaa-88ce-4ee8-86ff-b7d3fc1f12d9,임동준,1967-09-23,58,Female,서울특별시 종로구 삼봉로23길
cd9322e4-d0b9-48c0-a1ab-4aa8f8984602,조지호,1997-02-11,28,Male,서울특별시 강남구 선릉로16길
33d6744a-cf7d-437a-98a2-3890f3b4e15b,양정연,1980-09-15,45,Male,서울특별시 영등포구 여의대로52길
ca90fab1-dfbf-4f2b-b531-ced55fdf3adc,복태이,1988-08-22,37,Male,서울특별시 구로구 디지털로44길
48cdfc7f-e733-4edc-807c-7abecf884fe2,용주혁,1973-10-01,52,Male,서울특별시 영등포구 영등포로17길
73d20584-dc7e-42fa-8eb3-79196e4dd199,신다윤,1983-09-26,42,Female,서울특별시 종로구 세종대로76길
e2fe5b12-e31f-403d-8a92-92090e793da7,백하성,1996-07-18,29,Male,서울특별시 종로구 사직로59길
e379f6c2-d8aa-4524-afd6-698b65a70552,유가은,2009-08-12,16,Male,서울특별시 강남구 영동대로70길
5f3ce760-b3c2-4f75-ae51-244ca000163d,홍주완,2004-03-28,21,Female,서울특별시 중구 퇴계로17길
6c2c616e-9bca-4a97-90de-225588067781,금태성,2001-03-09,24,Female,서울특별시 종로구 율곡로57길
ef9fb67a-ebe2-4b0d-bb70-68c1567b2f8c,지은우,1975-09-21,50,Male,서울특별시 서초구 남부순환로66길
2e5f78fa-5a4e-4977-b16c-fdc486ece728,윤재호,2007-03-23,18,Female,서울특별시 노원구 노해로63길
30eb4dcf-796d-4b43-ac84-f84c158c6a57,위희준,1975-09-10,50,Male,서울특별시 광진구 자양로45길
bd417848-325f-474e-b2e9-e1017d182e20,정아민,1977-07-09,48,Male,서울특별시 송파구 중대로94길
14135665-dfff-468a-be29-f2013c09d5d8,공지후,1972-10-14,53,Male,서울특별시 은평구 증산로37길
58b5a33a-8972-445a-885d-b439830a6b74,시현진,1970-11-18,55,Male,서울특별시 강남구 영동대로5길
f6d1d18d-a1ab-4be1-b420-d9b9e694a0de,경은비,1979-02-27,46,Male,서울특별시 강동구 양재대로46길
1299e8d9-089e-44ea-8173-c98a373f6a29,한은하,1973-06-09,52,Male,서울특별시 은평구 불광로81길
343eefd3-5ba5-4ffc-b56f-04070c0687df,시우주,2010-09-08,15,Female,서울특별시 관악구 봉천로16길
be33aebb-be0a-4000-b06e-16e01f9c4334,우도운,1993-06-27,32,Male,서울특별시 구로구 구로중앙로51길
07a5b4b3-8718-4d50-82db-18e8c459e171,송가윤,1985-11-08,40,Male,서울특별시 송파구 문정로53길
f8839c1d-5ef5-4206-b785-f65aa45f24a8,신재환,1994-06-14,31,Female,서울특별시 동대문구 천호대로93길
27acb31c-a191-4ca7-b7a3-318a2cbb12a2,변도경,1982-12-27,43,Female,서울특별시 관악구 난곡로36길
75c01dca-509c-4957-b776-480db6a5b9ef,피희윤,2004-08-12,21,Male,서울특별시 강남구 영동대로16길
fd420d8b-83f1-4cec-9871-a18fdee87604,인해인,1991-10-22,34,Female,서울특별시 송파구 오금로85길
9e78f1e3-283d-491c-9cb3-f63d1e68b8ae,태선재,2008-10-17,17,Female,서울특별시 마포구 양화로21길
bf48a029-27de-472e-8c56-b6fee19760ff,왕채우,1999-10-07,26,Female,서울특별시 은평구 연서로32길
e1900af9-2de8-4d0d-ace6-642e4d9504ad,주재은,1996-10-14,29,Male,서울특별시 동대문구 답십리로27길
630da5e7-b322-4060-bd49-678f3b350e4c,라수아,1976-01-01,49,Female,서울특별시 송파구 중대로94길
75465a70-a11c-4bbb-8059-dda699e83269,사공주성,1995-01-15,30,Female,서울특별시 성북구 보문로53길
cb5a9891-53f2-4aa6-ac54-1144ca4ce65f,당나희,2005-12-15,20,Female,서울특별시 서초구 강남대로3길
d4428f62-1bbc-41af-b0bb-2d4bf4c7b217,권승혁,1983-08-19,42,Male,서울특별시 중구 세종대로8길
c48b81f3-e73c-42ef-b59a-e30517b0a0c6,함예빈,1996-06-08,29,Female,서울특별시 강서구 양천로37길
c0759ee7-05b3-4098-8dd8-db2f6419a651,음민정,1979-02-21,46,Male,서울특별시 강남구 봉은사로18길
9d3f3786-0c33-4fbd-93ae-277e53f05321,성수혁,1989-08-16,36,Male,서울특별시 강동구 성내로31길
47e3abf0-6e2b-4951-9a5b-ee1a55c0958c,주세연,1973-11-14,52,Male,서울특별시 강서구 공항대로84길
461cb61e-64fd-41ec-9b19-b36a79b054bf,동윤희,2006-03-01,19,Male,서울특별시 서초구 남부순환로25길
1429e48b-acdb-49da-813e-8ce9d88d33cc,복다원,1972-08-13,53,Male,서울특별시 마포구 마포대로32길
440e350d-49f5-4f8b-b4d8-8b95b6675dc9,육민욱,1978-01-11,47,Male,서울특별시 광진구 능동로85길
e692ead5-ff4d-4c4a-856d-1f7c6e846143,반가윤,1970-10-09,55,Female,서울특별시 구로구 경인로2길
cedb1b74-45a4-4443-ab00-24af254abf63,두유성,1978-12-24,47,Male,서울특별시 종로구 율곡로50길
0fb45567-63d9-42ef-af5a-fe111dc0556a,전미소,1988-05-25,37,Female,서울특별시 마포구 독막로19길
3b18a0b0-c1c4-48ed-9681-ce3b6dfdb03e,신성욱,1961-05-20,64,Male,서울특별시 중랑구 중랑천로50길
61fa4010-132e-4118-aea0-b5cfe5d48d74,함서경,1982-05-15,43,Female,서울특별시 영등포구 국회대로94길
553cba1d-87c1-47b5-b8bf-8719682b7b4f,동우영,1979-06-26,46,Male,서울특별시 강남구 도산대로41길
fd686bad-56d5-483e-8661-7860b55dacaa,나찬민,2002-01-26,23,Male,서울특별시 강서구 공항대로22길
16efbdea-02b5-4d36-9a91-493c32b12430,연로이,1977-10-24,48,Male,서울특별시 성북구 보문로89길
f8be4de6-58ed-4a86-962b-14154223588a,가환희,1964-11-09,61,Male,서울특별시 영등포구 국회대로54길
509603cb-602c-41d8-9ee8-90ecbf3011eb,권태준,2006-02-16,19,Male,서울특별시 서초구 반포대로54길
b1e485db-d0f5-4fb3-b7f4-f2f97ef2484e,길다윤,1964-08-18,61,Male,서울특별시 중구 필동로15길
7cdc3443-e047-4dc5-ad7c-d741ba68e20d,신태오,1994-09-01,31,Female,서울특별시 관악구 관악로85길
080e74b1-a863-482a-8e1e-2dca665e0a4c,원희윤,1961-05-02,64,Male,서울특별시 송파구 오금로69길
ae9b6ed2-ea39-4ecf-bca2-3914482a3c75,민민솔,1963-09-01,62,Female,서울특별시 관악구 난곡로4길
0855eb32-4c69-4bfc-90cc-19c2e3310f1b,현시훈,1986-04-01,39,Male,서울특별시 광진구 아차산로9길
9fc8c24c-a8d3-4166-919d-b766d97167e6,맹범수,2004-08-21,21,Female,서울특별시 금천구 가산디지털1로85길
85348fa2-e346-4942-90be-20e582f71169,최아라,2009-04-13,16,Male,서울특별시 동대문구 천호대로83길
6709074f-e4ed-4cb1-a4f1-1a2184035324,사효원,1987-01-26,38,Male,서울특별시 종로구 삼봉로22길
d9f88ede-1e3a-48b8-979c-5de101a1b990,제수혁,1988-03-13,37,Female,서울특별시 종로구 율곡로20길
bcd39b9d-23c6-47dc-83d1-9ae4e7a472ad,사공다온,1966-05-12,59,Female,서울특별시 강북구 노해로4길
f16f4033-ba41-4e3b-af97-91c0c86d5f9a,심하라,1974-10-15,51,Male,서울특별시 동대문구 장한로2길
590d91d4-4a68-46b0-acb9-95ccab9b4bc1,음해린,1981-10-19,44,Male,서울특별시 중랑구 면목로99길
75c224cc-245e-458e-81c9-7bd6cf0cf5c7,피예린,1994-01-28,31,Male,서울특별시 송파구 오금로80길
94392dcb-13a3-46a1-aff1-d7abfdd3c667,표준후,1984-07-12,41,Male,서울특별시 용산구 한강대로28길
74be11d4-1085-472c-8ce3-35e66e841b97,권원,1967-03-14,58,Female,서울특별시 송파구 백제고분로88길
2421fb8e-5588-46de-bc2b-df1c0bb8d042,여재형,1972-11-03,53,Female,서울특별시 동작구 흑석로32길
3a9bcbde-32b4-42d5-89b4-c07da832c907,동유안,1997-11-09,28,Female,서울특별시 중랑구 면목로81길
19335a94-35ae-4a14-a126-046849189455,황보지용,1970-02-14,55,Female,서울특별시 용산구 청파로54길
55a17e8c-a7d4-44a3-b43b-83f40fe30a11,부준석,1965-07-15,60,Female,서울특별시 중구 필동로59길
5f78f14d-ff77-49ab-899a-06cfba560b20,형은재,1984-10-25,41,Male,서울특별시 동대문구 답십리로69길
e336897d-e441-4d0f-bcf7-770e59236e37,연서영,1980-05-22,45,Male,서울특별시 노원구 한글비석로60길
0ef4fb9e-e182-4f89-869b-d5b86b2c0f15,시재훈,1995-02-16,30,Female,서울특별시 마포구 신촌로93길
d4c5864e-d6d5-4893-9d67-8280e1e88869,사공효은,2006-02-09,19,Female,서울특별시 종로구 사직로35길
f672c3f5-8c2e-4ac7-bf5a-20a69c94257e,함영우,2002-07-18,23,Female,서울특별시 종로구 자하문로34길
8fab6e1f-de8e-422f-a08b-831a8a43f888,봉지우,1999-07-18,26,Female,서울특별시 양천구 목동중앙본로78길
76e6174e-90ce-415e-aee9-7c3d755cbec4,홍예나,2002-07-12,23,Male,서울특별시 강동구 양재대로98길
4f2c1f69-6c57-4657-986f-b01000187667,간이현,1990-03-25,35,Female,서울특별시 중구 청계천로10길
43a223ae-88bf-4e53-add5-ba0f757e8fca,봉루나,1980-07-01,45,Male,서울특별시 송파구 위례성대로75길
df270a86-ecf5-407c-9fe6-627b026fe288,공로하,2009-12-08,16,Male,서울특별시 동작구 사당로74길
a16b8179-4651-408e-838c-41c68aa18d33,금소영,1963-08-28,62,Female,서울특별시 동대문구 장한로54길
6f0597e1-32a7-4e6b-a689-6fa6582af8ac,남궁예인,1995-01-04,30,Male,서울특별시 송파구 중대로36길
5606dd19-69ad-456d-a6a2-1f91a8717070,석선영,1961-08-08,64,Male,서울특별시 성북구 종암로52길
ca9d6328-c820-4708-8312-a1d10799aeb9,사연호,2005-08-14,20,Male,서울특별시 금천구 두산로25길
3df336b5-7d98-497a-96cb-4d9dab3acf35,장하율,2001-09-14,24,Male,서울특별시 광진구 자양로6길
901665af-02a6-47bc-bac0-0aa10b051c2a,마지우,1962-05-20,63,Female,서울특별시 양천구 신정로86길
1bd5a14a-56af-44d2-b8f1-1ba4c8d8aeb3,예태이,1994-09-16,31,Female,서울특별시 관악구 관악로84길
408d3d2c-9599-4025-8444-e6eeea9b171f,우서원,2008-06-12,17,Male,서울특별시 서초구 신반포로97길
9e220de6-babd-47e4-b3ce-71912d4f3e7a,권나율,1962-08-26,63,Male,서울특별시 송파구 오금로58길
3cd84bd0-e380-489b-9760-a6b0b1c0ab70,양설,2007-02-20,18,Female,서울특별시 서대문구 통일로47길
7b9cb268-e5fe-41eb-89bc-5a01c722c534,위경준,2009-04-23,16,Male,서울특별시 송파구 위례성대로54길
2574212b-8589-48b7-81f4-f23f6bfaa478,윤준원,1989-01-27,36,Female,서울특별시 용산구 한강대로10길
3c412d6b-2b95-4742-bbfe-3b2fec7a50ef,표하온,1979-11-25,46,Male,서울특별시 강남구 영동대로55길
a074de2a-aec8-4a7c-b71d-7036d056d329,함아율,1992-12-15,33,Male,서울특별시 동작구 상도로63길
081b28f8-e0da-40b6-8ae6-52942b13b485,봉시윤,1997-01-22,28,Female,서울특별시 서대문구 명지대길51길
968ff36c-1623-4583-a8b2-10383f7ba806,경태인,2010-02-17,15,Male,서울특별시 중구 필동로13길
87645c0d-f587-4fce-9754-7d79909d6391,황보예림,1968-11-06,57,Female,서울특별시 강북구 노해로28길
96b8182a-bd71-4704-a548-5dc201b644ac,형라희,1969-06-26,56,Female,서울특별시 송파구 가락로30길
42ce6961-7d80-4e14-b934-5858381b4d23,추은진,1994-01-15,31,Male,서울특별시 종로구 종로41길
3869d7cc-889b-4a2f-9b08-50451031e3e1,나태린,1991-03-14,34,Female,서울특별시 강남구 테헤란로95길
4b778c42-2f01-4749-bd05-191f23c8a001,연주형,2003-11-28,22,Female,서울특별시 성동구 행당로25길
0c7cc96c-7969-40d8-97cf-502a8904faa1,사공혜민,1995-05-24,30,Female,서울특별시 마포구 마포대로3길
94faed75-8245-4fb7-a68a-5d571d2246ae,장라엘,1986-08-21,39,Male,서울특별시 서초구 서초대로35길
34ff11a5-19f1-42c3-98f6-d9d67d69ce50,상은찬,1968-08-17,57,Male,서울특별시 광진구 광나루로25길
436e2dc3-937e-42ff-a262-e14fd9a7bc07,류민찬,1983-05-04,42,Female,서울특별시 송파구 올림픽로97길
e7dfef95-1edd-40bd-9bc7-fdf3f7a87940,권한,1962-10-28,63,Male,서울특별시 강동구 성내로24길
9bcba52b-bddc-4016-ae02-944917dd3f0f,소아인,1980-11-14,45,Female,서울특별시 양천구 오목로56길
11102a80-c569-464f-8181-ed7ab4e59867,고건우,1985-11-16,40,Female,서울특별시 종로구 삼봉로81길
3ed2a677-17cb-4a41-97b0-ab65a780b251,목승빈,1978-10-08,47,Female,서울특별시 강동구 성내로76길
4fbc2ef2-7377-40ab-8db8-857d55a14727,서세현,1983-10-03,42,Female,서울특별시 구로구 구로중앙로9길
d756f3f5-61b5-41fd-a0e0-4d21c033807d,유시윤,1992-02-12,33,Male,서울특별시 은평구 불광로18길
48d7e143-9d5c-4346-bced-fe821b37c13a,사지환,1977-02-14,48,Male,서울특별시 광진구 아차산로62길
61324336-50bc-474a-a859-59c724b52344,국상준,1975-10-24,50,Female,서울특별시 성동구 금호로25길
f0b82f53-c025-4d8d-8bee-8a07f960599e,가도은,1981-03-20,44,Female,서울특별시 동작구 상도로25길
fae9b44b-ced0-41f9-b8d1-425f4c00cbfe,설지민,1972-05-05,53,Female,서울특별시 강서구 양천로5길
9ac3b719-23a5-48a0-b9fa-f1ae4c1ee199,선우지온,2001-09-04,24,Female,서울특별시 영등포구 선유로37길
ff633770-f8db-4c99-b269-41315df3bcb2,표아준,2006-07-24,19,Male,서울특별시 도봉구 도봉로29길
0ebd3d26-964c-491e-b992-e606abbb77a1,금서빈,1981-06-09,44,Male,서울특별시 강동구 천호대로59길
91152720-6840-44fe-bdc6-52a03019029e,구나경,2001-09-26,24,Female,서울특별시 마포구 월드컵로85길
169b7728-c9e1-4e61-b281-1c6a141c585b,사공하온,1985-10-09,40,Male,서울특별시 송파구 올림픽로84길
0c20a4ac-3ada-4571-9a8e-98ef37910490,간세영,1977-10-05,48,Male,서울특별시 마포구 독막로48길
182778c2-8b4a-48f8-8e5f-b15bcfc81380,윤미나,1988-04-02,37,Female,서울특별시 영등포구 선유로22길
4dd63dfc-b6cc-4707-a81e-5af106ef0cd4,선우주혁,1999-03-01,26,Female,서울특별시 동작구 상도로96길
d8e697a3-87b4-46ed-9b94-1a0068e5ec14,송은빈,1990-11-25,35,Male,서울특별시 서대문구 명지대길61길
be8a91c8-95e5-4b7e-8ad2-4fd89e88655c,용원우,1998-04-21,27,Female,서울특별시 강북구 도봉로68길
8b80468a-6a3f-49ca-b5ed-cb23b8245f8c,반은혜,1994-09-11,31,Female,서울특별시 구로구 구로중앙로64길
769ec741-810f-4c95-b970-59fbac0ba259,임주완,1988-06-27,37,Female,서울특별시 중구 을지로60길
34327b3e-8a79-49f5-9fc4-ce3538e4f917,황보민결,1991-01-12,34,Female,서울특별시 강남구 선릉로72길
a67122c1-f844-44b6-a2af-de12e0b0bc72,태규현,2007-06-09,18,Female,서울특별시 동대문구 답십리로44길
5b442d12-5533-4525-8b67-c173376ca389,천슬,1984-02-02,41,Female,서울특별시 노원구 한글비석로84길
5f64889e-aa52-4965-b01d-f1d64d54c4b4,목동준,2004-08-07,21,Female,서울특별시 종로구 사직로93길
2a1d25fa-0153-4aeb-8db3-ead7e375709c,장진서,1969-01-05,56,Male,서울특별시 강서구 양천로64길
4f4eede1-9043-49f5-b969-43f62daffd9f,복은수,1982-07-08,43,Female,서울특별시 종로구 종로69길
a40fb67e-3219-4551-9da1-748b24ce9697,하태인,1975-11-26,50,Female,서울특별시 노원구 노해로77길
0fa13404-8152-4f48-b372-9e85360f59dd,나지호,1961-02-23,64,Female,서울특별시 강북구 노해로22길
fdf96b16-3c92-4b0c-bcee-246bca146f3a,모윤슬,1977-11-14,48,Male,서울특별시 구로구 구로중앙로40길
76e0b7b5-62cc-42e9-a0b4-5907acaed301,맹해린,2010-01-23,15,Female,서울특별시 관악구 난곡로82길
95aa0793-9cb5-48ce-92f2-cb0071fe9764,형은준,1980-02-12,45,Female,서울특별시 영등포구 여의대로56길
844212b4-d6da-4467-8ac0-b3b8e1c5073c,인민준,1960-03-17,65,Female,서울특별시 영등포구 국회대로17길
bbd23459-f791-414d-b9cf-86e190998560,양여름,1992-04-10,33,Male,서울특별시 종로구 자하문로15길
0fb5baaa-aedd-47cb-8222-ba31a3dc4a5b,김민호,2002-12-04,23,Male,서울특별시 용산구 이태원로13길
847cb3be-476b-40da-a298-42081e912d28,소은솔,1997-03-25,28,Female,서울특별시 성북구 화랑로7길
17abc87f-1f5e-4b8c-a11c-f1cd42ea42fa,전제인,1970-03-20,55,Male,서울특별시 종로구 종로77길
0a0f2b89-8097-4fbf-9529-d3d809e5c25f,지진호,1982-07-17,43,Female,서울특별시 노원구 노해로88길
b5bf6a87-1e53-4f65-9f16-43e521dc83bc,정은별,1996-01-01,29,Male,서울특별시 강동구 양재대로35길
e6e50fbc-c919-4a86-8b34-56919d058be9,남채민,1966-07-21,59,Female,서울특별시 강동구 성내로57길
01a2a521-428c-4694-b833-50cb6feba084,어한결,1962-04-21,63,Male,서울특별시 종로구 종로85길
dc8a5d27-b9e3-4622-b5af-9b4b75b10b44,호라은,1989-07-07,36,Female,서울특별시 서초구 남부순환로92길
f454b749-0c30-474f-b65e-207a01135557,추동윤,1976-11-07,49,Male,서울특별시 강북구 삼양로16길
fb0bb5f2-b17d-4f5c-b0d6-8686a9b1f279,부연주,1985-05-25,40,Female,서울특별시 노원구 한글비석로19길
8e727df4-4c8a-4771-9272-20bd327e2419,차진우,1963-03-13,62,Male,서울특별시 강동구 양재대로15길
f3bf1a1a-37b9-437a-8670-4b20ada521da,승동욱,2000-07-21,25,Female,서울특별시 강북구 노해로24길
9ffed24d-47ea-4928-8c70-7cacf7a7a677,국효림,2003-11-01,22,Female,서울특별시 성북구 화랑로100길
ab92a869-b067-444b-a4ea-920f60055113,시민결,1989-09-27,36,Female,서울특별시 강동구 성내로69길
c9a8290f-8181-40b5-97f9-70a7daa33b68,엄동휘,1961-01-03,64,Male,서울특별시 강남구 선릉로41길
4e0da413-5761-481a-b673-af57c4bba637,금선유,1995-09-18,30,Male,서울특별시 동작구 상도로9길
63bca58c-fa3d-41fd-95de-43a1821081de,구다영,1987-09-22,38,Male,서울특별시 종로구 종로58길
ac75c6b3-7f12-45fb-91f0-f379a8d20023,복민성,2008-05-20,17,Male,서울특별시 종로구 사직로82길
24e06f98-0a3c-43c9-9db6-901d0f9fdeaf,갈종혁,1968-08-13,57,Male,서울특별시 강서구 화곡로4길
f27d107d-4ad7-4f03-ab2f-3a915deb0447,범현아,1961-04-07,64,Male,서울특별시 용산구 원효로61길
75d19632-0edb-48ac-8284-6b679b409c45,지윤지,1979-05-18,46,Female,서울특별시 강남구 선릉로17길
97e67330-40b1-4573-9f3a-f05770e106ee,추리원,1978-01-10,47,Female,서울특별시 양천구 신정로45길
c5bd62f5-b7f9-4b63-b12a-05a2f0c9e58c,맹서윤,1963-09-20,62,Male,서울특별시 동작구 흑석로2길
f3e0f606-9ee5-4839-ac91-45e58d463c13,제연재,1966-04-23,59,Female,서울특별시 서대문구 연희로65길
44c1be0d-0c49-49cb-a11a-3a5101e23226,선로은,1990-01-17,35,Male,서울특별시 동대문구 장한로21길
9af83a8a-553a-4027-ba54-ef9a76b8cbf0,빈가빈,1983-07-15,42,Female,서울특별시 마포구 독막로92길
50e05060-3182-4d5e-b276-c9c5d3c34c14,시나영,1992-09-07,33,Male,서울특별시 강동구 올림픽로22길
fb7da1dd-a643-4014-b18f-8c87726e9ba2,온지유,1964-04-04,61,Male,서울특별시 광진구 광나루로56길
fad8422f-8a8d-4509-8e16-ff16535ded12,지지우,1981-01-08,44,Female,서울특별시 종로구 종로52길
72370252-87f1-4fb6-bf01-f7bc7f8906d1,인상민,1996-02-25,29,Female,서울특별시 영등포구 영등포로84길
dfe682c2-fc77-4991-a013-24528c5aede9,장준우,1995-07-16,30,Male,서울특별시 서초구 신반포로53길
e71a637b-73ba-4093-a097-a10248d7e855,간다미,1994-07-25,31,Female,서울특별시 마포구 마포대로88길
3c4ae1e6-55cb-46a0-b9b4-00ed5ad1b485,고선율,1971-03-08,54,Female,서울특별시 서초구 서초대로27길
782994e9-9b9a-48e9-9656-8afa1f171f8b,형세훈,1998-12-12,27,Male,서울특별시 중랑구 면목로29길
6d7b481c-c688-4071-b83f-315975dbf4ac,배소정,1988-10-26,37,Male,서울특별시 중구 을지로44길
73cddf52-f21c-477d-8e46-e72d660ae6d2,류해성,1993-01-10,32,Male,서울특별시 중구 청계천로11길
63fd4040-37c3-4ade-a421-5a8a782060ee,강다율,1985-10-22,40,Male,서울특별시 종로구 자하문로25길
dea7961f-da93-40c4-aad2-7c2b2063e13a,형재인,1985-12-05,40,Female,서울특별시 강북구 노해로83길
c680d07a-b888-41c0-ac4a-9a026c356730,권지섭,2005-05-05,20,Female,서울특별시 금천구 두산로52길
3460abce-b2f9-444e-9ba7-a86bf1ffba4c,양세인,2005-03-27,20,Female,서울특별시 구로구 경인로17길
09b03bca-c902-40c0-a81d-0a93ed83990e,곽영재,1975-10-14,50,Male,서울특별시 강서구 공항대로14길
082b1389-3f7e-400d-b986-ce2046618be9,국상혁,1989-12-08,36,Male,서울특별시 종로구 자하문로88길
8182c6d4-5e75-4966-925b-52a3b3ef105b,박성연,1987-06-04,38,Female,서울특별시 구로구 구로중앙로89길
d3251e04-a5c8-4318-b5bf-86e5aa7b23a6,부진서,1965-02-02,60,Male,서울특별시 강남구 도산대로5길
6e89947d-27aa-4fe0-830e-ece8cb3856e7,단우영,1983-05-03,42,Male,서울특별시 관악구 봉천로84길
368049ec-d003-43de-ab77-f72f8fb6ef98,진세린,1962-05-01,63,Male,서울특별시 용산구 한강대로40길
27cb0102-e644-4d49-b2b2-c66d87ae153a,석찬민,1985-07-21,40,Female,서울특별시 마포구 신촌로53길
00c3f0b2-d87f-487d-a317-4e67aa219267,지현규,1974-07-08,51,Male,서울특별시 강북구 삼양로77길
3433d117-e5f3-4538-9c6b-a161f1345e91,육예령,2008-05-16,17,Female,서울특별시 중구 퇴계로64길
77dcf294-9a7d-4881-bf58-24621a2f1470,동민호,1986-11-15,39,Male,서울특별시 송파구 오금로26길
c1e40ce1-37c8-40c3-b2ff-b7eedd7af31b,현해윤,1979-09-07,46,Male,서울특별시 강서구 화곡로5길
95667c1c-696b-4301-8e71-6434f0947664,경해나,1997-06-17,28,Female,서울특별시 강남구 봉은사로37길
dcdcede6-9e4b-433b-bd7c-83882f2aae4a,김주하,1973-11-13,52,Male,서울특별시 종로구 세종대로9길
3dd6cb2f-7a10-4205-9082-7b37ae58d562,천은율,1989-01-12,36,Female,서울특별시 서초구 반포대로81길
ee520475-d06c-42c1-bcdd-babbedd8bb41,성규원,1972-07-04,53,Female,서울특별시 강남구 논현로45길
1d3d63ed-95ca-421b-94fb-c6b625bf585f,표유진,1985-09-08,40,Male,서울특별시 종로구 율곡로94길
18f8597f-1416-4246-a621-1d4e58029011,상이현,1972-05-13,53,Male,서울특별시 강남구 테헤란로68길
48de4ed6-b9db-4c6a-bb42-204e94089129,함라윤,1984-10-07,41,Female,서울특별시 영등포구 여의대로29길
b7f4b450-9adc-4a72-934b-4ecd23484845,경유리,1999-06-10,26,Male,서울특별시 은평구 연서로3길
b95f97e8-ba4d-463e-a5c4-bee2b9090a5e,위은하,1989-05-08,36,Female,서울특별시 강남구 도산대로68길
6870496c-c131-4ac5-9df0-88800a245836,상다솜,1999-02-08,26,Male,서울특별시 동작구 사당로8길
0e7e683e-fc85-4575-a88c-a2e311ba8da0,왕지연,2006-09-12,19,Female,서울특별시 종로구 삼봉로92길
ecf939b2-d50f-4b63-8116-9286dd5c7342,하지은,1979-09-20,46,Male,서울특별시 강남구 선릉로69길
87612d60-9a6d-4f10-a3e4-1fd59c063e96,제도원,1977-06-15,48,Male,서울특별시 중구 필동로8길
53f1f54f-8361-470b-b90b-882baa7786d8,원서안,1974-11-23,51,Female,서울특별시 성동구 마조로63길
1743f88c-bc3f-4fe3-bfa1-d9d4a481904d,시하늘,1964-12-25,61,Male,서울특별시 광진구 능동로38길
361d19d2-6ba1-483c-a8c0-8b27a59c4830,권선호,2004-09-04,21,Female,서울특별시 구로구 디지털로39길
4ebe347c-720e-4f3d-8c4f-631347423b96,서문지예,1964-08-07,61,Female,서울특별시 양천구 오목로8길
61a8da15-4147-4ab5-bcb7-88551ef24720,황보희준,1998-07-04,27,Male,서울특별시 동대문구 장한로44길
6d22f56f-438e-4eb9-af55-7fe51e1d9889,육채빈,1992-06-28,33,Female,서울특별시 종로구 세종대로91길
0aab41d4-4b8b-430b-b4c4-2c3cf7d18413,곽이담,2006-01-28,19,Female,서울특별시 중랑구 중랑천로37길
f0af7645-3e0f-4876-a2dc-32f365c855fd,현상혁,1998-01-17,27,Female,서울특별시 광진구 광나루로5길
979e0310-d492-4e3d-9474-ff3cb857f7ac,손예온,1998-01-09,27,Male,서울특별시 마포구 신촌로18길
f4ad6529-6aa8-430a-b118-c0807b0d1a90,엄찬율,1966-01-05,59,Female,서울특별시 구로구 구로중앙로87길
043f1611-ea99-43db-bb82-0466c1624e9d,구은서,2001-05-28,24,Male,서울특별시 용산구 원효로75길
68c370e9-ec88-4401-8187-6dd229254fa3,승성원,2002-06-20,23,Male,서울특별시 노원구 한글비석로35길
9f275131-8af1-411e-90b0-b52bca612730,홍예솔,1974-03-06,51,Male,서울특별시 관악구 봉천로70길
7787693f-e6e7-408f-836e-a51f28f61e13,황이엘,2001-05-21,24,Female,서울특별시 종로구 종로60길
01e7c028-4355-4bb6-93db-baaad4b96cf3,봉한빈,1981-02-20,44,Female,서울특별시 동대문구 장한로49길
ed2bff8f-7d8f-40be-a2ae-7b3f9bfd5307,연은설,1974-02-16,51,Male,서울특별시 강서구 화곡로2길
d5d1c957-4e9a-4fa6-9ca9-0c5f5ce76311,인태현,1987-06-04,38,Male,서울특별시 동작구 사당로94길
84927521-9ca4-4e50-9227-4da4a2685933,설예리,1963-07-25,62,Female,서울특별시 중구 청계천로37길
6784857d-71cb-4626-bdc7-ef33d96b2660,명서아,1964-10-22,61,Female,서울특별시 도봉구 노해로84길
ab403458-853b-4b22-9684-fb4f723fba80,남궁수혁,1989-06-01,36,Female,서울특별시 강동구 양재대로4길
fdce0995-f4b2-4c02-bb1d-7aa121c9eace,정채연,2009-05-22,16,Female,서울특별시 송파구 문정로42길
64e21b29-fae4-4970-95db-ece03540cc14,육가을,2010-09-15,15,Female,서울특별시 동대문구 왕산로24길
2c6d0ab5-d6dd-4e91-b050-63db801296c2,유예온,1999-11-13,26,Male,서울특별시 동작구 상도로69길
966bc6eb-95ce-4ecc-b98e-48eba03a6606,윤유담,1969-03-07,56,Male,서울특별시 서초구 반포대로95길
13c2d1aa-850c-4ddc-a2f5-732222ef8a34,예지헌,2002-08-10,23,Male,서울특별시 동대문구 천호대로89길
89e4a3fe-a3bc-4027-a7bd-2fad0057d9e4,사지한,1975-01-01,50,Female,서울특별시 송파구 올림픽로91길
6cbbf610-15e8-49ea-bb1f-60d0b8bfb27c,탁예빈,2007-11-07,18,Male,서울특별시 양천구 오목로82길
8e6fbce9-c2e2-4a58-a8cd-ba7aeb741e0a,당다원,2004-12-12,21,Female,서울특별시 중구 청계천로23길
6496f81d-2c14-4001-af52-f3cff6fdbf9e,윤하루,1970-07-28,55,Male,서울특별시 송파구 가락로78길
b2a59128-3548-4778-9d64-2b7373eddbc6,목주원,1982-10-20,43,Male,서울특별시 노원구 동일로83길
16b7a771-d2e0-430a-90f3-ff0d85067b3b,우나연,1988-12-28,37,Male,서울특별시 용산구 한강대로81길
7c696a47-463f-46c9-94d7-dbe0f82dd464,허서후,2009-08-04,16,Male,서울특별시 구로구 구로중앙로47길
ef959a89-e537-4a3f-9db2-d37ac8e197f5,태채빈,1969-12-16,56,Female,서울특별시 동대문구 장한로39길
d9c8e9d1-8f0c-4f2e-ad4a-ffecc225b2d9,빈예건,1980-08-24,45,Male,서울특별시 강남구 선릉로32길
40a4c29d-25d0-4482-a21e-7924f73f96c1,라은찬,1993-07-14,32,Female,서울특별시 영등포구 영등포로19길
56763ee4-7f4c-45a9-8492-84a06626b135,연채연,1979-07-05,46,Male,서울특별시 노원구 노해로4길
9894fbc3-1689-4945-a791-859b48091a2c,승세준,2001-08-07,24,Male,서울특별시 강남구 봉은사로55길
f93cfd38-9a3d-46fc-ac59-0ad0bcec3e34,허시원,2010-02-12,15,Female,서울특별시 마포구 신촌로67길
03a2d508-76ba-417c-bdbe-5d6c080ad2c6,시규원,2005-10-13,20,Male,서울특별시 영등포구 영등포로20길
94499c10-4423-4cfc-8b18-42ed14b4edd8,전선재,1990-05-28,35,Female,서울특별시 성북구 보문로72길
c4335457-f896-4f53-82ab-fa4c0d2209f3,어유안,1975-11-27,50,Male,서울특별시 종로구 세종대로76길
28b2ebfc-cef3-4b39-ad8e-70cb9227a6b0,손현수,1992-07-25,33,Female,서울특별시 성북구 종암로20길
5a7c8273-63d3-4cde-a2e3-90423d4424d8,전도하,1986-04-11,39,Male,서울특별시 관악구 남부순환로55길
92d138a6-fcde-419f-88a9-e76365c24219,당준,2005-05-23,20,Female,서울특별시 성동구 행당로54길
89747e7d-8429-475f-a00f-845957b7e526,경재훈,1988-06-01,37,Male,서울특별시 금천구 두산로66길
fb693a6d-9f77-40aa-8aba-08fba55098ec,복가현,1974-02-05,51,Female,서울특별시 중구 필동로33길
bf627fd0-3698-4e94-a12a-314083bc0421,남연재,1982-07-05,43,Female,서울특별시 은평구 연서로37길
99b69eb4-4574-44a6-82fd-6d96bccc92b7,표다온,2010-02-05,15,Male,서울특별시 종로구 삼봉로13길
0de0bac6-c4a6-46a7-95e7-07e0df950247,견영민,2007-10-09,18,Male,서울특별시 중구 필동로90길
3e0ea56e-8ef6-4c44-b317-8a9ea7c69f79,오해윤,1976-11-27,49,Male,서울특별시 종로구 자하문로34길
0b55c169-ff47-4313-8b28-33d8270bece4,문아율,1994-01-04,31,Female,서울특별시 송파구 올림픽로15길
cdf487c7-6ede-47b5-8e89-8b4a44a465ba,남궁진서,1992-04-08,33,Male,서울특별시 광진구 아차산로90길
28951977-b259-47bf-943b-14bc5a79e255,갈연진,1980-02-05,45,Female,서울특별시 노원구 동일로72길
8f9d027b-6f6b-414a-8465-e9cf2f4833e6,시윤서,1971-01-17,54,Female,서울특별시 성동구 마조로16길
993ca2d8-8cfc-4bf5-af83-5ec77b017b9a,전연준,1970-04-02,55,Male,서울특별시 동작구 사당로100길
951e99f1-dd88-4438-b22d-8c109e789a0e,오주은,1973-01-06,52,Female,서울특별시 용산구 원효로38길
368b2d47-be42-4876-a57b-5eeb10aeb7cb,남궁라온,1978-05-23,47,Female,서울특별시 양천구 오목로13길
16f7545d-9426-4e92-ad48-cb9a298042fc,우현,1967-08-05,58,Male,서울특별시 강북구 삼양로74길
92a6b885-58b0-4ce4-adfe-e4f15226b3af,장채원,1985-12-13,40,Male,서울특별시 송파구 올림픽로53길
2b35a965-6d6b-444c-9766-e29e523f4df7,길이솔,1971-02-28,54,Female,서울특별시 송파구 중대로83길
bcc59a93-bd05-4deb-b8f6-5f9aa6dd2d7d,복승후,2007-01-15,18,Male,서울특별시 중랑구 망우로76길
ad5593aa-24ec-4147-b61e-810a0c0fccb6,진하민,1993-11-25,32,Male,서울특별시 도봉구 도봉로39길
d21691f1-cb01-4d54-a3f0-5116e333e2e6,현다예,1986-11-25,39,Male,서울특별시 동대문구 답십리로21길
b63983be-ca25-45e7-ac26-e98103a4e7c6,신동준,1964-11-08,61,Male,서울특별시 용산구 청파로18길
7bfa606b-6df6-48b4-8098-1766cd8af6b5,맹민호,2010-04-24,15,Male,서울특별시 노원구 노해로14길
981e25b7-6d21-4753-95b1-13428f5c9b23,갈인아,1987-07-28,38,Female,서울특별시 송파구 오금로67길
ede0877b-7fb3-4073-8a6f-858f2a0f32f9,피윤찬,1980-09-18,45,Female,서울특별시 마포구 마포대로23길
63b8f70c-47db-4755-9523-ead906207695,제민수,1964-04-22,61,Female,서울특별시 종로구 삼봉로42길
fb3590cd-46d4-472f-94aa-0749db2b9ba0,상태웅,1984-01-08,41,Male,서울특별시 마포구 신촌로27길
c4a3111c-7d8a-4ee9-90e8-bf788f5f7885,남채현,1980-02-24,45,Male,서울특별시 성동구 행당로71길
9c5b4178-4845-4299-afec-98d7d8bbceb9,차지용,1978-01-04,47,Male,서울특별시 마포구 독막로62길
53973d0b-1895-4e5e-a888-53b888418230,최도운,1999-05-16,26,Male,서울특별시 노원구 한글비석로66길
f0ddbbaf-af17-4117-9d57-c01c81f72416,변건하,1982-10-27,43,Male,서울특별시 동작구 사당로62길
d3c4ab9a-8bb8-4dde-8a20-f76f2326534e,전유안,1966-10-05,59,Male,서울특별시 서초구 서초대로87길
7101d607-a706-442a-833c-b056e27be27e,백가을,2008-07-18,17,Male,서울특별시 은평구 불광로46길
81291ca2-9a6b-4d7a-9f83-7faea2563552,유예인,2000-06-03,25,Male,서울특별시 강동구 양재대로28길
e2fa300b-860c-4d4c-84c7-cecb63699308,변예서,1981-12-08,44,Female,서울특별시 마포구 월드컵로67길
863dd1d1-6653-40ac-9c44-d05ffe40e757,엄송연,1990-08-22,35,Female,서울특별시 종로구 율곡로6길
1d08e612-5f95-4d7c-8e60-965e7740982c,사찬우,1982-09-05,43,Male,서울특별시 성동구 금호로72길
8e45555b-5ecd-4f96-81a5-d4901a45f0bc,석아정,1961-08-23,64,Female,서울특별시 영등포구 영등포로70길
ffd2db27-2085-4c64-b9f0-aeba7ba7101e,조지나,1986-12-17,39,Female,서울특별시 성동구 금호로80길
e1c46de1-8930-43c0-a775-0b608c814d25,단재원,1986-01-16,39,Female,서울특별시 노원구 동일로35길
1232c353-040d-4f89-a015-b9fa4ce89417,선승아,1978-01-23,47,Female,서울특별시 구로구 구로중앙로63길
dd381ac8-bc7e-405c-bbb4-7d122e047153,호승호,1978-09-09,47,Female,서울특별시 서초구 서초대로80길
05b88112-aada-453c-a1dc-cf185c0df309,양윤진,1960-08-15,65,Male,서울특별시 구로구 구로중앙로99길
d081dacc-6d89-4a23-bd78-c6f42d8c178c,왕재인,1971-11-01,54,Female,서울특별시 용산구 원효로95길
99b32e9d-26a4-432f-b2d0-06a337e96412,방은진,1987-02-05,38,Female,서울특별시 강서구 공항대로16길
c61b3304-8e97-4390-bb00-e3b33e242486,제갈이담,2001-05-15,24,Female,서울특별시 동작구 흑석로64길
dcbc55c4-4933-4967-9e00-bc3612d2dfd4,권하늘,1988-07-18,37,Male,서울특별시 광진구 자양로17길
c7a30e9f-f0bb-43c7-b316-67362ada2962,소라율,1981-05-02,44,Female,서울특별시 강남구 도산대로58길
b8d7edd1-5987-41cf-a1b2-24990a58f2fb,서문정우,1978-08-09,47,Male,서울특별시 송파구 중대로74길
e2dcf4f1-b82b-45bd-bdb2-6faa4689db23,마린,1982-02-19,43,Male,서울특별시 종로구 세종대로38길
f6efe1b8-191b-4d16-bbb5-52b479aab383,태도이,1966-02-06,59,Male,서울특별시 송파구 중대로22길
5bccfc8f-47e5-4229-a050-a23580b4aeef,봉세영,2007-08-19,18,Male,서울특별시 마포구 양화로31길
bdcad5f2-a09a-4517-8629-2e5abca44276,표승아,1980-06-05,45,Male,서울특별시 동작구 흑석로5길
59580565-db23-4857-8597-1c0ae436b40e,안혜진,1994-02-01,31,Male,서울특별시 서초구 강남대로11길
c3a9eb2f-aaec-46a1-b8cc-f977a02cce9a,서이담,1985-12-10,40,Male,서울특별시 중구 을지로66길
3529c0af-269e-428b-bf1d-2aeb324b3751,함보현,2001-02-08,24,Female,서울특별시 영등포구 국회대로80길
9fcbd300-90f2-4446-81ca-7a28e414dad4,연지인,1968-05-28,57,Male,서울특별시 용산구 청파로5길
5d3330bb-6348-4707-8255-4db125452de6,선우동우,2008-02-12,17,Male,서울특별시 강남구 테헤란로45길
26c8ba65-6843-4957-8d00-b8ea8ca462ed,선우이은,1984-03-23,41,Male,서울특별시 중구 세종대로65길
04c32f0f-8662-4014-948a-f889d6cedebf,시다원,1989-05-15,36,Female,서울특별시 서초구 반포대로25길
60c8c900-93ae-4ae8-9003-2dbb1a2a4954,복은율,2009-07-20,16,Male,서울특별시 광진구 능동로16길
b8d7e7b7-c3e5-4879-8bc3-4739cc5dfadf,팽태인,1967-10-26,58,Female,서울특별시 강동구 천호대로31길
9f170f3e-7709-4d7c-9261-5f5ea427d878,태아현,2007-06-11,18,Female,서울특별시 구로구 구로중앙로29길
ae5b269c-f69a-4ed5-99f9-a3177df2591f,온보현,1993-05-09,32,Female,서울특별시 송파구 중대로3길
6fe9e16a-2dfb-47e8-91eb-cf1d10f94207,라서인,1990-10-04,35,Male,서울특별시 중구 세종대로16길
17008d3e-5f16-4d6e-89e9-1faa9a069428,오이현,2009-06-11,16,Female,서울특별시 성동구 마조로70길
94c31d9b-f978-4ab6-9acd-2d721af2a9f7,형하루,1999-07-03,26,Female,서울특별시 서대문구 통일로99길
25530d9c-0732-4e47-91d4-81656792dba7,견가민,1978-12-01,47,Male,서울특별시 중랑구 면목로19길
21068453-036a-4ae6-975e-e658c9cf0064,백소담,1991-03-18,34,Male,서울특별시 성동구 금호로23길
66ff7469-aca1-4a42-a75d-ee8abfc86132,공루아,1999-09-12,26,Female,서울특별시 관악구 봉천로78길
407a699c-7941-4f4b-b646-d6395afc11d5,태다현,1967-03-24,58,Male,서울특별시 동작구 흑석로90길
9a0e2572-bd1a-422c-9c26-fe9c59b8b6ad,곽승연,1967-11-01,58,Female,서울특별시 광진구 아차산로82길
1c361466-7dce-4186-bee0-04ffc92e5d56,범이엘,1967-12-21,58,Female,서울특별시 광진구 아차산로69길
ce09887b-4f1a-4b88-bd43-01a9d907ab5e,조해원,1980-09-26,45,Female,서울특별시 강서구 화곡로83길
49193c4f-062b-4d79-ac91-7ca918f24bfd,음은혜,1961-05-23,64,Female,서울특별시 송파구 백제고분로7길
e6c2915f-7b88-4c6f-8de0-ee42ede09810,승서윤,1979-06-03,46,Male,서울특별시 강동구 천호대로68길
40ff11ab-efda-4fc8-9cf5-da58cf468c61,채한결,1969-05-20,56,Female,서울특별시 양천구 목동중앙본로95길
cb2781d5-840b-412c-9705-0c3dbda9bba7,경다미,1964-01-22,61,Male,서울특별시 용산구 이태원로84길
805799fc-26ea-4d44-ad3e-46ec5cf4f759,추도경,1981-07-04,44,Female,서울특별시 마포구 마포대로18길
93c5bb8e-8981-433e-9389-799cfdb3e882,장지원,2003-02-19,22,Female,서울특별시 서대문구 통일로30길
c805cb15-30f1-4de6-acdc-d97b19ba304e,감유찬,2008-03-15,17,Female,서울특별시 중구 을지로37길
b9bf383d-d23c-4af1-98be-3721c3d95b08,석나린,1974-08-14,51,Female,서울특별시 송파구 문정로93길
2700be4e-0660-4808-9437-e1b872202334,손지윤,1970-05-22,55,Female,서울특별시 동대문구 답십리로4길
80dbb4f1-6331-4639-925f-acc8618a6eaf,목채영,1990-02-15,35,Female,서울특별시 도봉구 노해로75길
7a7b35eb-f068-49a4-94e6-385e62f971a7,서문지수,1987-02-02,38,Male,서울특별시 강남구 도산대로50길
e02f524c-21ae-418e-bed5-e1395a77e0ba,온서빈,2007-01-09,18,Male,서울특별시 강동구 성내로19길
9c39017e-b781-4a0c-a593-28305dfce6a9,한진주,1975-12-05,50,Male,서울특별시 종로구 세종대로63길
22eaa16c-928d-4332-89c6-29e3c106b76f,유현,1970-12-27,55,Female,서울특별시 동대문구 장한로40길
5aeae318-749d-4383-8393-b7800f55d8ee,좌아린,1984-04-02,41,Male,서울특별시 종로구 율곡로6길
e89aa77d-1561-43b2-a9bc-1cd7e87128c2,양민혁,1967-04-26,58,Female,서울특별시 중랑구 중랑천로62길
721d17a2-923e-4e78-8ed2-97279d480392,신성빈,1962-12-20,63,Female,서울특별시 마포구 독막로69길
384fc116-a25d-4bbf-8116-cfe0886aa359,옥희정,1995-04-09,30,Male,서울특별시 강남구 영동대로80길
4ae5d945-0951-40f7-bd3f-89cadfc7b35c,모세라,1978-08-09,47,Male,서울특별시 강남구 논현로25길
8f4dd59f-44d2-4c14-8376-c3162f6427a2,여시하,1994-05-13,31,Female,서울특별시 동대문구 장한로62길
b4b7e034-f857-410c-90a8-7ed1f4852f4b,염빛나,1961-01-01,64,Female,서울특별시 강동구 올림픽로11길
0f2fcff6-021c-46ae-97e8-a325e7783c9a,마근우,1966-11-27,59,Female,서울특별시 서초구 서초대로67길
ecd73881-a180-4a3a-b54e-b7f4f37fe7ba,현설하,1962-06-23,63,Female,서울특별시 서대문구 연희로47길
b4efc116-be68-45ce-9354-e51f8fc5fbd7,편인호,1996-09-15,29,Female,서울특별시 양천구 오목로54길
f91aad11-feba-4d07-8be8-06121bac1fc1,인진아,2007-02-15,18,Male,서울특별시 강동구 성내로60길
57ccd3b5-163c-4f3f-8bd7-9eee3ff533a2,제인우,1993-09-05,32,Female,서울특별시 종로구 자하문로66길
f3d896c4-ba73-47a3-af67-cd032506823d,안세린,1961-10-25,64,Male,서울특별시 송파구 중대로49길
0963ce01-5d42-4478-bd65-34db7995ba4d,한보경,1983-04-10,42,Female,서울특별시 서대문구 통일로35길
c67a73f6-771b-4fc8-8363-28761ba0f80a,홍규원,2008-02-03,17,Female,서울특별시 종로구 율곡로57길
c16d00b9-da8f-4415-9a48-2ac8d7f6d0dc,금이레,1991-02-24,34,Female,서울특별시 동작구 사당로14길
3695ede6-bc51-4522-9546-550c19dd359d,남궁도연,1972-04-25,53,Female,서울특별시 영등포구 선유로32길
7a5b25d8-8500-463e-a4b3-a5db7b41868f,추유빈,2003-05-28,22,Female,서울특별시 종로구 사직로59길
9c811385-9057-49b3-b68f-f36ccf5eddc5,곽상민,1966-02-25,59,Male,서울특별시 양천구 오목로57길
da190c2a-0219-4a3a-96f2-ab01b08a379f,석소영,1964-07-09,61,Male,서울특별시 도봉구 도봉로98길
d3f2cebe-3a5c-457d-bf97-f349897c0098,사공효주,1998-08-22,27,Male,서울특별시 양천구 목동중앙본로80길
3afe3bf6-0cf1-45fd-8c5a-ef0ca8deb65b,당하늘,1988-08-09,37,Male,서울특별시 강동구 양재대로75길
0f8adad5-4954-489c-a415-d2725d6e44c0,태희찬,1985-12-07,40,Female,서울특별시 강남구 논현로3길
1dbe4e40-5120-46fa-b0c1-2208b6a1557a,음유이,1982-10-23,43,Female,서울특별시 성북구 화랑로54길
1a90c2a1-9293-427f-bca2-b6ce0a49a018,강유호,1990-08-16,35,Female,서울특별시 영등포구 영등포로56길
2d85de80-0a3c-4ca9-9f7e-539b507b71e4,변이준,1996-04-09,29,Female,서울특별시 동대문구 왕산로94길
a2142809-6058-408c-b1bd-0d12da2957eb,안승찬,1967-02-27,58,Female,서울특별시 중구 필동로24길
c83471aa-6abc-4c76-ac32-d85686ee709c,염선영,1984-08-11,41,Female,서울특별시 중구 필동로37길
360ef5fc-d95b-44c5-b665-92674e907ebf,백예윤,2008-01-10,17,Female,서울특별시 양천구 신정로56길
df9a5660-2562-44dc-8580-8d304a15c7fd,형준호,1960-09-07,65,Female,서울특별시 광진구 광나루로82길
c795d516-b113-49e5-b913-b95cabbd04bb,채동규,1969-12-16,56,Male,서울특별시 용산구 원효로62길
7f7665ae-1e9c-4126-bade-178e3ecde1f5,선아영,1975-11-07,50,Male,서울특별시 동작구 흑석로59길
fb582b92-4019-4b07-86be-e0f07ba70188,정유빈,1985-12-27,40,Female,서울특별시 서초구 강남대로50길
609a431f-a408-444a-933d-b5af2e81e17f,온민아,1969-10-17,56,Female,서울특별시 동작구 상도로28길
708eb226-2b98-4b6c-b4d7-d61536dc96f3,모세빈,1981-06-28,44,Female,서울특별시 서대문구 통일로59길
1b369a5d-35b7-49b4-8304-24c954454175,옥혜윤,1981-11-19,44,Male,서울특별시 관악구 관악로54길
05436fb8-0e17-4a81-92d7-76ff8efa5318,전다영,1992-06-27,33,Female,서울특별시 중구 세종대로4길
c640c6e0-48b5-4d19-8fc0-e010c9ce1172,양혜빈,1996-01-11,29,Female,서울특별시 중구 퇴계로94길
fdf06a84-8c1c-4010-8da5-ebf49530cf35,석민희,1967-09-18,58,Male,서울특별시 성동구 금호로66길
a7aea2ea-f83f-4719-a841-55180ee07e6e,국시현,1970-09-21,55,Female,서울특별시 종로구 사직로39길
d49b3e93-b2aa-4c5c-8de7-a6b497e2bc7a,여연수,1978-03-20,47,Male,서울특별시 강동구 올림픽로29길
ee9e4ee8-2df8-4a12-aa7a-fda4622e0891,부우재,1972-12-02,53,Female,서울특별시 송파구 백제고분로82길
a30a2f6d-68b3-4085-8ff4-893ad6518690,변하성,1977-10-07,48,Female,서울특별시 중랑구 면목로8길
f9214a3a-de46-4f89-96c4-7d73c309b6b0,이지인,1976-10-15,49,Female,서울특별시 광진구 자양로55길
d2db6c70-aa62-4591-96de-f21ee7135ddf,사공효린,1973-03-23,52,Male,서울특별시 성동구 행당로42길
8b7eb16f-b9eb-47f5-b393-46498720bd94,설예현,1985-07-05,40,Male,서울특별시 송파구 가락로23길
47afdc33-4fb1-49b8-ba8b-1f40581f28d8,표경민,2008-01-22,17,Male,서울특별시 관악구 관악로38길
d47b3af7-ee8e-4e00-8ca0-2306e2f6f2c4,음제이,1967-02-15,58,Male,서울특별시 구로구 경인로91길
f675208e-1595-431b-82b4-46b61eed84f2,동영진,1980-10-16,45,Male,서울특별시 동대문구 장한로52길
ae6fe970-5fc1-4322-a4cd-3b12d3c97eb3,강예담,1966-01-05,59,Male,서울특별시 강서구 공항대로1길
fb83c754-e511-4af7-8b04-f67a9d559578,함태우,1989-11-19,36,Male,서울특별시 종로구 종로23길
648847d0-a12b-4a56-92e8-4ebb73ee3b41,안라희,1985-11-27,40,Female,서울특별시 강동구 천호대로89길
4acc827a-07c8-46ce-93af-624b21af4eef,동태은,2005-05-22,20,Female,서울특별시 성동구 금호로31길
a7f7f0a6-e8be-4b72-aaf7-4ca753b62efc,현은수,2009-07-18,16,Female,서울특별시 강동구 양재대로15길
adb28a18-4c9a-4662-a332-3beadec28c80,조현석,1998-05-27,27,Female,서울특별시 서대문구 연희로29길
cf1ad180-50d5-4d5f-a992-b8a281b64d61,류도연,1998-07-25,27,Male,서울특별시 성동구 금호로59길
f6d72a30-7bde-4e65-806a-0e9546869b77,명다니엘,1993-02-24,32,Female,서울특별시 도봉구 노해로8길
254174f2-e878-493b-bd6c-69eeb468afb1,한예슬,1960-11-21,65,Female,서울특별시 마포구 독막로92길
cecc33cf-d79c-45f4-8e61-43931f33a1ac,탁단비,1993-08-28,32,Male,서울특별시 서초구 서초대로6길
4f7ad9a6-cc44-4e00-9a77-1b8be9fe6461,이하민,1999-09-15,26,Male,서울특별시 성동구 금호로77길
b745f3bd-1a48-4a4b-8490-89e8df72db39,상진호,1979-10-11,46,Female,서울특별시 강남구 테헤란로49길
290bd10b-7c01-4689-b595-082bf40797d3,채은규,1974-12-18,51,Female,서울특별시 양천구 목동중앙본로2길
e4667fa2-2bdf-4c0e-a72d-9834bf4aef12,전은비,2000-08-21,25,Male,서울특별시 광진구 능동로43길
c06180dd-f5f4-4ffe-bf16-2df8cc867e1a,김태건,1965-02-07,60,Female,서울특별시 서대문구 명지대길77길
489dfcdf-50e6-4446-90db-d9ebca52cb5d,형은준,1998-11-10,27,Female,서울특별시 영등포구 영등포로88길
a8356659-e85f-42eb-acf7-afb9a8d0c702,온은규,1996-03-09,29,Female,서울특별시 마포구 독막로64길
c14438ae-47c3-4f31-a8b4-4a7f4c7b056e,좌혜리,2002-10-17,23,Female,서울특별시 도봉구 도봉로48길
07e1ccda-d2db-4849-b310-eea832e8fdd3,호규현,1971-03-06,54,Female,서울특별시 중랑구 면목로88길
a6c86951-71f1-45ec-9d16-71cb1bab9738,두정빈,1978-12-10,47,Female,서울특별시 은평구 연서로74길
7c2d9a69-ec43-4c90-a0bb-240b70abcaec,곽아인,2002-09-09,23,Male,서울특별시 구로구 구로중앙로33길
d3fb8135-7996-476a-b90c-b683f0500fef,여태빈,1961-03-07,64,Male,서울특별시 영등포구 국회대로79길
8ae436c1-de6f-44dc-a27b-12fcc3d113c5,여가현,2002-11-24,23,Female,서울특별시 서초구 신반포로62길
5bebfcab-64c5-4989-987f-b2526cfe0fe9,위도희,2009-02-28,16,Male,서울특별시 용산구 한강대로9길
f11537f3-9b9e-4e4e-abec-4b3377dba57d,경채영,2006-06-16,19,Female,서울특별시 중구 을지로98길
d626f873-aff1-4997-8270-47c3e335172a,사공정연,1993-08-21,32,Male,서울특별시 노원구 노해로38길
fec60453-4314-4ef8-841e-94d2e9b0bf61,은노아,1979-12-08,46,Male,서울특별시 강남구 강남대로68길
73707a78-d76c-4066-a2ab-47d445b03f14,한주영,2004-02-15,21,Female,서울특별시 노원구 동일로54길
d54db1b2-8733-4139-a8ad-71458a324bd2,심민규,1980-12-18,45,Female,서울특별시 서초구 서초대로13길
3bad3d28-96be-4872-a303-48711b7dd2de,김승연,1992-11-22,33,Male,서울특별시 중랑구 중랑천로45길
591875ec-46d3-4bec-91bc-cd10e6c5ff6d,맹상윤,1994-09-11,31,Male,서울특별시 강남구 도산대로66길
1882327e-0258-4e02-9cc7-68acfbe38b8c,연소은,2008-07-25,17,Female,서울특별시 영등포구 국회대로53길
b395d0e3-7c35-4c3e-b12b-3228972d62fa,오민경,2003-06-19,22,Female,서울특별시 강북구 삼양로4길
f0914a4b-d9d3-4056-a123-4b37b8609f02,심유림,1970-07-02,55,Male,서울특별시 종로구 삼봉로25길
08cb62d0-c323-46f6-9bb8-4b48b16384fe,나유은,1969-11-04,56,Male,서울특별시 성북구 화랑로71길
73694f8f-8ed0-43ff-bc96-0bcc4c14da4d,추재영,1988-05-28,37,Female,서울특별시 광진구 능동로17길
e5558b8d-8a00-41c7-b679-8dfe69803aa4,백윤성,1964-10-27,61,Male,서울특별시 송파구 오금로96길
1d3cca80-b702-423c-946e-0fa36eac5305,길율,1969-11-01,56,Female,서울특별시 성동구 금호로56길
5ee96465-76ac-4776-8a05-71ecf18eda62,사리원,1975-04-10,50,Male,서울특별시 강남구 도산대로76길
104784fb-f345-4ad6-91d5-2006b9851a67,우리나,1960-09-21,65,Male,서울특별시 구로구 디지털로24길
3fe9c67a-a4db-45d1-bd7b-aa60d0fe2ff4,예승훈,1969-07-15,56,Female,서울특별시 양천구 목동중앙본로98길
2464f119-e961-40e3-9d2f-79933164a74d,남궁예담,1990-08-18,35,Male,서울특별시 송파구 중대로38길
ef95c465-f19b-4a23-921e-272411cc68bb,육시은,1987-02-24,38,Female,서울특별시 중구 을지로54길
72ae353a-e603-416c-a49d-1a3b6dcb312b,상재성,1964-01-04,61,Female,서울특별시 도봉구 노해로21길
2648540a-a309-442a-bdf0-2300213ce029,양온유,1992-12-02,33,Female,서울특별시 송파구 오금로1길
7e1f8a02-8213-478b-b13c-196413937e3b,강진호,1966-11-24,59,Male,서울특별시 강남구 강남대로39길
841c7f82-b6c3-4254-bfe2-b3736a2b0613,왕도겸,1998-01-02,27,Female,서울특별시 서대문구 통일로21길
627adc1a-7ce6-4d1f-abc7-4ddd3f6ee18b,민다혜,1994-05-03,31,Male,서울특별시 광진구 능동로59길
dc18132e-8a35-46f5-9cc5-beba69c60417,주태현,2003-06-14,22,Female,서울특별시 양천구 신정로84길
352198b3-f3cf-4c96-9a9a-bb7eb44924d0,윤건호,1993-01-20,32,Female,서울특별시 용산구 원효로7길
2b1c591b-d9e2-4c6a-8746-139ade5e8057,하유경,1989-03-27,36,Male,서울특별시 종로구 종로15길
b7d7eb25-4b03-4afb-83e1-208c31cdd6cf,봉재인,1960-09-19,65,Female,서울특별시 동작구 흑석로30길
a867d0b3-fe75-4e02-b258-6c6d8230d6e3,도유안,2003-07-07,22,Female,서울특별시 중랑구 면목로4길
fa952872-9a07-4d81-b10a-8baa5ec4b7f7,용예서,1961-07-24,64,Male,서울특별시 용산구 원효로10길
03ea3d81-296c-483b-a0f5-83ee8166fe29,제효은,1980-05-18,45,Male,서울특별시 송파구 가락로100길
bf8a4494-37d2-4878-8f32-17caca683a2d,장찬,1998-06-20,27,Female,서울특별시 종로구 세종대로48길
eda24899-e642-4146-a60c-fa37804c593e,남지완,1998-07-07,27,Male,서울특별시 강남구 봉은사로5길
2f77d051-02e7-4fb5-9e3c-187de5875f14,양태웅,1972-05-24,53,Female,서울특별시 성동구 행당로40길
db395b7f-fc80-4c6d-9c65-75aaa4304546,임준영,1984-09-27,41,Female,서울특별시 성동구 왕십리로54길
dafb7b15-ed6d-4873-bfbf-293b31d11c84,배영우,1999-11-04,26,Female,서울특별시 송파구 백제고분로26길
78d12def-d85f-4d9b-8c3b-f56584fe3e27,진서현,1988-11-01,37,Female,서울특별시 마포구 마포대로99길
619f7f8d-5ad4-4c40-b0ff-bac0d51e59fe,온준상,1990-09-08,35,Male,서울특별시 마포구 월드컵로20길
e85e247d-f710-453d-ba27-ee57e86f52a3,장하음,1995-02-01,30,Male,서울특별시 성동구 왕십리로78길
5c32d580-a117-4c68-b5e8-82a62654e677,선우동혁,1970-09-14,55,Female,서울특별시 서대문구 명지대길8길
b66bca2a-973d-4345-87a9-3a326fb55545,선유진,1994-11-13,31,Female,서울특별시 양천구 오목로29길
367f1216-206c-4bea-8e53-c73eb6c4619a,지경훈,2007-07-18,18,Female,서울특별시 동작구 사당로100길
2a70a9fa-6a0c-4341-acf6-a7dd68e30f32,방소정,1989-01-16,36,Male,서울특별시 광진구 능동로5길
42946950-9010-4b6e-a0ca-da3985f58726,배은후,2006-09-22,19,Male,서울특별시 강서구 공항대로98길
cb94065e-0272-4c9e-977a-e85400a160b7,나선율,2001-08-15,24,Male,서울특별시 용산구 이태원로85길
08c7f747-df8d-401d-a607-4d212bb7bece,편소담,1991-02-03,34,Male,서울특별시 종로구 자하문로74길
98ffc4de-c102-4e87-b0a4-9b233b91e4d0,팽태건,1990-01-21,35,Female,서울특별시 서초구 남부순환로87길
14e0d7d6-8f49-427a-b3ad-1d4bc7d78f68,임수인,1986-05-07,39,Female,서울특별시 성동구 왕십리로100길
a7483d92-8302-4d1f-82ca-e5dfe4461a48,두세연,1985-01-09,40,Male,서울특별시 도봉구 도봉로6길
519aecb4-e03d-4ede-8734-33bdecb3f05b,태지안,2002-03-28,23,Female,서울특별시 동작구 상도로4길
56c7bcd9-ed56-4c9c-9427-94daeebbf640,윤유라,2010-07-24,15,Female,서울특별시 용산구 이태원로97길
ebd55515-6f54-4f61-8e51-66a8922cdc47,경수하,1964-10-06,61,Female,서울특별시 마포구 독막로21길
36ead63e-a991-4d6f-a9e5-84544362b82d,한도준,1960-09-26,65,Male,서울특별시 성북구 화랑로2길
f7260009-18ae-44a0-83b3-be7d0a55f787,상건우,1974-05-09,51,Male,서울특별시 강남구 영동대로29길
c975246d-198a-4b8f-a035-60fb4a1e03da,주승유,1988-12-08,37,Male,서울특별시 성동구 왕십리로11길
0ed9fc14-e30b-4b2f-93c6-f19ad1a1056f,팽소담,1962-12-10,63,Male,서울특별시 영등포구 영등포로21길
dbaaa93f-85f5-41aa-a5e5-5f329eb3983f,표재민,2006-11-26,19,Female,서울특별시 양천구 오목로21길
dbec7d84-139a-4508-b2c6-be1e9e776012,두혜주,1990-11-09,35,Female,서울특별시 동대문구 천호대로61길
43adc2f3-d12b-4b1c-a569-32b981a8dd36,육윤,2007-05-18,18,Male,서울특별시 종로구 세종대로28길
f2f3bd21-1822-49a0-b8c1-4288ec23e813,두윤정,1991-11-20,34,Female,서울특별시 송파구 오금로8길
02b08de7-8138-45f6-b9f0-410063aed684,사공수민,1979-10-22,46,Female,서울특별시 금천구 시흥대로25길
ef0fd6be-8085-436e-85cb-3c4c3c7fe7d3,간유준,1984-02-05,41,Male,서울특별시 성동구 왕십리로48길
adb9c529-f663-4505-8f69-25170f1631d5,예인서,2002-01-03,23,Female,서울특별시 중랑구 망우로27길
c2fc9fd5-2e53-4d18-a86c-b70d79d88a16,위유민,1988-08-01,37,Male,서울특별시 마포구 신촌로76길
fb55d408-5de5-41fa-a8f7-d8b8915031a8,인효준,2005-04-04,20,Female,서울특별시 중랑구 면목로64길
f5c59d46-f66a-4400-a6ca-8b24b4f0e969,방유리,1972-11-15,53,Male,서울특별시 동작구 사당로75길
207434ae-4241-47ab-b0c9-7d1bffde396e,소범수,1987-01-20,38,Female,서울특별시 은평구 불광로94길
17111337-57bd-4488-91ef-1fdb6363aeac,간희수,1972-08-21,53,Female,서울특별시 노원구 노해로84길
042b1004-a937-491e-9079-74410e063153,부시율,1991-02-14,34,Male,서울특별시 중구 청계천로33길
bce5695f-1bed-43d2-947e-42a22823ada3,한인우,2005-11-03,20,Male,서울특별시 중구 세종대로96길
71e6b034-78c2-4517-b36a-146362de84cb,옥수현,1970-04-15,55,Female,서울특별시 은평구 불광로47길
c6b56683-8ce5-4bc4-9ab3-af049b183a1e,유석현,1969-06-24,56,Male,서울특별시 송파구 문정로10길
bac4da79-46cb-427d-a268-a2f1703ca469,차연아,1986-03-21,39,Female,서울특별시 금천구 가산디지털1로37길
3f738236-9058-4c20-a399-a56cd3a87400,주세영,2004-01-23,21,Female,서울특별시 서초구 서초대로98길
2a87d6b5-688f-498c-b7b6-0017ec5f4a35,전진욱,2002-04-22,23,Female,서울특별시 성북구 종암로61길
d331c143-cac3-46c7-9cb9-de7436549d57,류승현,1961-12-20,64,Male,서울특별시 송파구 오금로20길
c68a2a2c-1c32-48dd-b612-c6bab4ab5a9f,사공하온,1997-05-25,28,Female,서울특별시 관악구 관악로18길
5e355adc-a7d8-47b5-bcf1-4a344bc7d750,성의준,1962-08-28,63,Male,서울특별시 종로구 세종대로83길
6c13dac9-0e0b-4ec0-84d5-a6c5dfb5c78e,예태린,1963-09-10,62,Female,서울특별시 용산구 한강대로32길
9f091c93-90f3-48d5-b719-d46ec29427a8,전준우,2001-04-01,24,Female,서울특별시 송파구 백제고분로19길
12ac3df9-8c12-4dc8-aaf3-4807d9fdeb56,기채현,1995-12-21,30,Female,서울특별시 영등포구 선유로78길
2d4d460b-4985-4b81-9918-eb1d7ebec250,채지수,2000-08-25,25,Female,서울특별시 구로구 구로중앙로12길
cce14a98-786d-49dd-a04b-114ba26f7b29,정기범,1964-05-26,61,Male,서울특별시 강서구 양천로18길
9b05e273-309e-4b49-996d-ffa51c79b16e,온하민,1997-10-05,28,Male,서울특별시 성동구 마조로59길
d7e8c6ff-e233-42fa-a11f-9e4d5a6723d4,좌다빈,2002-12-01,23,Female,서울특별시 중랑구 망우로18길
45788e3c-ef6f-4333-aa7b-c420e79c8969,사윤,2001-09-25,24,Female,서울특별시 구로구 경인로58길
bcf90dd8-ae37-42a2-b0ba-8b91e90dc0e3,나주현,1968-01-27,57,Male,서울특별시 마포구 신촌로84길
7a9c7c9c-c4f2-4c40-872e-228178cc527f,기다나,1964-07-11,61,Female,서울특별시 강남구 논현로1길
996a11b1-3477-4a06-a9fb-c082cf8b2a03,소희수,1990-12-28,35,Male,서울특별시 강남구 강남대로48길
54d397a2-93e7-4716-87be-83b9677f0952,최재혁,2005-09-28,20,Male,서울특별시 금천구 가산디지털1로60길
6716c3ba-1965-498a-a6fc-12b00058aca8,함보미,1991-09-19,34,Female,서울특별시 관악구 관악로10길
da58acf3-a2f8-4cfd-ae2e-bab3ca6005ed,추영진,2001-05-10,24,Female,서울특별시 영등포구 영등포로18길
d0fd7068-e3e7-41c1-9ac5-2f069eb0c025,금강,1982-03-28,43,Male,서울특별시 강남구 테헤란로54길
eaa12b90-9322-417c-9afc-703042038d63,황하진,1963-01-06,62,Male,서울특별시 동작구 사당로68길
dc8c28d1-9ce5-46d3-9b7d-98f98bc2367c,심시원,2004-01-22,21,Male,서울특별시 중구 퇴계로21길
f92ac17f-5d73-40a6-92ba-fc69f2cc0e0c,표주영,1986-06-25,39,Female,서울특별시 영등포구 영등포로41길
1bafd0e5-56ed-47af-be88-15e40e78cf0a,제승기,2009-04-13,16,Male,서울특별시 송파구 백제고분로52길
57d8fdef-44cf-4652-8574-cccd2fe57414,공은준,1985-01-13,40,Female,서울특별시 양천구 목동중앙본로35길
921b0012-1bf5-4407-93db-865fab9c8aed,박현진,1997-09-22,28,Male,서울특별시 서대문구 통일로98길
b575a84e-a3a6-496a-8d64-69799babcf3b,두다연,1994-10-01,31,Female,서울특별시 광진구 광나루로24길
98e87c9f-9d26-44fd-90c7-75a3919d1349,표수연,2001-09-05,24,Male,서울특별시 영등포구 여의대로41길
8fc2db75-8b7c-4ce2-a0da-ee4f0d38ae79,김해솔,1987-03-03,38,Female,서울특별시 용산구 이태원로6길
b6859d78-45e8-4658-b4cb-759d624ee9b6,라소원,1997-04-21,28,Female,서울특별시 종로구 자하문로34길
d3e5fe45-8cef-4870-be42-13e882a2a327,하현,1965-02-28,60,Female,서울특별시 영등포구 영등포로72길
fb4ef18a-12da-4383-ad83-cd077699a559,금동준,1999-11-20,26,Male,서울특별시 노원구 동일로42길
ebb2aff4-64ab-410e-bca8-8876d99b357e,온주영,1982-01-17,43,Male,서울특별시 종로구 사직로84길
46aeea70-5531-4116-8998-af22797b823e,진채이,1963-03-17,62,Male,서울특별시 동대문구 장한로84길
dad58591-0477-4ff0-bc8a-4323c16c80c6,허규빈,1960-06-25,65,Female,서울특별시 강북구 삼양로97길
74fd61f9-a826-48c7-8dbe-5d3f747f57ce,승승빈,1968-06-17,57,Female,서울특별시 관악구 남부순환로33길
d38294b6-182b-43db-895b-6e8d064164cd,맹진호,1968-04-07,57,Female,서울특별시 성북구 화랑로31길
74bf998b-3b3c-4fc0-98ba-04a5b2cdbcb3,승승주,1962-12-13,63,Female,서울특별시 은평구 불광로62길
c493c405-6775-4567-8fd5-d4f6d6cec956,호상윤,1978-12-11,47,Female,서울특별시 노원구 노해로84길
d52b05de-097e-4f93-bb2a-33c07a8dc7b6,조준하,1960-05-08,65,Female,서울특별시 강서구 공항대로59길
9135a428-27a5-406c-8237-5bd7dd39136c,전연수,1973-03-02,52,Female,서울특별시 송파구 오금로34길
e873eb60-0bd1-4862-a3ba-a4d7be5ffcca,여연서,1972-11-07,53,Female,서울특별시 동대문구 답십리로7길
22beef02-17e2-4b64-8d8d-b2ead4d20943,국리하,2001-11-09,24,Male,서울특별시 서초구 서초대로29길
3ad15e3c-8f0f-4339-83da-3b7ed170630b,문가람,1977-02-24,48,Female,서울특별시 동작구 상도로18길
cff360dd-6253-49c8-a4f9-377a40498668,황보유이,1976-02-12,49,Male,서울특별시 광진구 자양로45길
3263de28-a8ad-4949-9ca6-b9ce2a4577b6,봉가온,1965-08-04,60,Female,서울특별시 중랑구 면목로37길
35df5858-11fd-4bd7-856f-c2a013a2ce69,시하루,2006-03-06,19,Female,서울특별시 동대문구 장한로41길
bb8e97c0-ea2e-483a-ad40-fb1a388f67d2,백이든,2002-11-16,23,Female,서울특별시 강남구 선릉로89길
36c3a55c-de84-45ab-8253-6a600dbb8ac8,강라은,1999-07-23,26,Male,서울특별시 구로구 경인로37길
5630bd5b-9d25-43b9-bfc2-107615e35b0d,용하원,1970-09-20,55,Female,서울특별시 양천구 목동중앙본로91길
69bc5479-3ba5-4265-bc9a-d07af823a4b2,어한빈,1985-09-28,40,Male,서울특별시 송파구 올림픽로83길
1ac0f584-7656-427d-b311-c8cd7bd211b6,갈효원,2006-10-23,19,Female,서울특별시 구로구 경인로89길
7b44566c-e685-4305-a6b3-2ed4b53387e2,신선우,2008-06-25,17,Female,서울특별시 노원구 한글비석로70길
401e37bc-33f5-4e07-952b-e975a59460f3,유세이,1981-04-12,44,Male,서울특별시 서초구 서초대로44길
54dd74f3-ae3d-4ad5-880a-3b3506844f65,도근우,1998-12-05,27,Female,서울특별시 동대문구 장한로81길
7ddd2a21-31cf-4e58-8b2f-0152fec10bde,기유민,1992-09-19,33,Male,서울특별시 강남구 강남대로90길
e447efb7-d1b7-4723-8d91-96af01f006b8,황보현,1972-03-16,53,Female,서울특별시 성동구 행당로12길
4cb49160-cc47-4349-81ee-fb8bf8db0c53,최윤솔,1963-01-16,62,Female,서울특별시 동작구 사당로44길
80ca4d0e-4b43-4645-bbc1-d963118e75ed,황인우,1998-07-09,27,Female,서울특별시 서초구 신반포로62길
9288baf2-05ef-44cc-b395-000aaa9cf6cc,사나윤,1963-04-13,62,Female,서울특별시 금천구 시흥대로55길
6a026ce3-5bb4-4612-bc11-407357763013,심지혜,1990-05-27,35,Male,서울특별시 관악구 봉천로82길
dc5d5cd8-eb89-429a-ba6b-dba4276ea3b8,신다현,1984-10-03,41,Female,서울특별시 용산구 이태원로100길
6fdcc2ea-fa3f-41ac-91ce-028f00babacb,소다빈,1985-07-10,40,Male,서울특별시 마포구 신촌로96길
2f9bb815-9c58-4e8e-aa5a-cb57d5a3c3c5,백희연,1978-03-21,47,Male,서울특별시 강서구 화곡로21길
35e61d81-ff95-48dc-979c-29c2fb8c13c4,반강현,2003-11-15,22,Male,서울특별시 중랑구 중랑천로23길
b88beeda-f110-4fe6-9a14-6cddd5465943,곽수인,1987-01-27,38,Male,서울특별시 관악구 남부순환로43길
7f9a9907-8922-4db1-bdca-b186b265c5fb,예연재,1982-02-02,43,Male,서울특별시 관악구 난곡로96길
44a0fcd0-f28f-4c4b-b3c7-3ab2856dbeff,국유은,1983-10-03,42,Male,서울특별시 용산구 원효로47길
d428d565-eb00-4dfc-9572-384d2b8fffb9,마현아,1978-01-14,47,Male,서울특별시 광진구 광나루로56길
19e03547-567d-4bdb-a941-a845faf4b384,여이안,1971-02-02,54,Male,서울특별시 중구 세종대로95길
58ca76e3-723b-4c2c-ac0e-260c2cc74bed,엄리나,1980-12-12,45,Male,서울특별시 금천구 두산로85길
9969ca67-9725-42bc-8fee-89e1104e134f,권의준,2010-06-14,15,Male,서울특별시 성동구 행당로35길
d96788ad-153a-4394-b57d-047384192787,라동혁,1978-03-03,47,Male,서울특별시 은평구 불광로6길
1ce3a402-c938-44bf-99c5-24185b09c151,어다겸,1960-11-20,65,Female,서울특별시 강동구 성내로53길
506d6208-4c0f-4f77-8862-74c91db9fe06,범지후,1988-09-27,37,Male,서울특별시 광진구 자양로40길
63c73506-22dc-436f-9eaa-41cddd25889b,기태오,1994-06-25,31,Male,서울특별시 송파구 중대로48길
85651070-7179-433e-a510-738306df8f5d,염유민,1993-12-26,32,Female,서울특별시 강북구 삼양로7길
776b6f02-083c-4caf-b4e0-e71740dad21b,동연수,2004-11-23,21,Male,서울특별시 중랑구 면목로1길
305376d1-e9fc-4733-911d-11a963d16393,도은유,2001-03-16,24,Female,서울특별시 강서구 화곡로63길
60334ab4-a82f-4af9-aa67-93a0b159f527,소수인,1963-05-22,62,Female,서울특별시 강서구 공항대로93길
e7e545e4-a3b3-4979-8e46-fbd05a71e60e,길하영,1994-06-06,31,Male,서울특별시 강북구 도봉로77길
13172ca4-d521-4a37-a754-5af99eab8262,류연지,1994-05-02,31,Female,서울특별시 강서구 화곡로15길
6c4c53b0-e29c-414a-a413-961d2f2f092a,소여준,1992-01-26,33,Female,서울특별시 강서구 양천로23길
fcbc0628-484f-4df3-8c94-2c1da5682a74,설희윤,1966-03-06,59,Male,서울특별시 용산구 청파로34길
939003b9-e7cf-4175-af9f-0e565b17901f,왕은지,1972-06-16,53,Male,서울특별시 강남구 선릉로30길
2280d63a-c29c-451b-9aa7-f51e7316fc97,황정민,1987-05-23,38,Female,서울특별시 송파구 올림픽로62길
b5b384ff-13e6-49e6-b9af-f30edca62ab3,강시후,2005-04-25,20,Female,서울특별시 동대문구 장한로82길
3f39bf8b-5bb1-4f56-afeb-261660701d38,선상혁,1970-03-01,55,Male,서울특별시 중구 을지로89길
c183a475-dd85-46c6-8967-099640a310d6,남궁윤서,1994-07-14,31,Female,서울특별시 노원구 한글비석로60길
588a7a56-b6a5-4931-b687-a9e7cbdf221c,설도은,1983-01-21,42,Female,서울특별시 중구 퇴계로27길
25784bb9-181e-4ca9-949b-5d74244be958,주승찬,1980-02-03,45,Female,서울특별시 종로구 사직로36길
18bdd123-f543-4559-b3ab-ba950ccf15a5,두한,1977-06-22,48,Female,서울특별시 송파구 올림픽로9길
70c84b72-eeb9-439d-aabb-df2ca49dd0dc,반하민,1973-09-09,52,Male,서울특별시 송파구 위례성대로9길
1d4f431e-08c9-4a76-8b8d-963e4ca12240,제상혁,1997-11-27,28,Female,서울특별시 구로구 구로중앙로78길
81fe7493-174a-46d2-9099-90c52c5aad12,노영민,1965-03-13,60,Female,서울특별시 서초구 반포대로16길
c1feb621-72fd-4547-99bf-1324c2196f27,임유준,2002-07-14,23,Male,서울특별시 송파구 오금로91길
81ceeb57-7339-44a1-8dcf-9e313562bcf5,양재희,1967-07-11,58,Female,서울특별시 동작구 사당로55길
153ff758-da93-4070-9926-8109350d3367,옥경훈,1972-04-27,53,Female,서울특별시 종로구 세종대로82길
0156a2d6-72ad-4bce-b3ce-a24432709796,한이담,1967-03-18,58,Male,서울특별시 동대문구 천호대로100길
4d289e0d-1892-491b-94e4-a7e2a6b2bcf7,채준후,1983-11-25,42,Male,서울특별시 강동구 올림픽로74길
1e178255-29e3-495f-87e1-0897ea2fa398,조은성,1999-10-12,26,Female,서울특별시 강북구 노해로8길
d2e1afc1-7892-49f1-be55-6fd4afced668,최종현,1997-02-05,28,Male,서울특별시 강북구 도봉로90길
f4751c00-a4bb-4672-ac06-53c4c2d8ec7f,조재우,1967-06-28,58,Male,서울특별시 노원구 노해로82길
0504b6dd-9f32-4b08-b9a6-b746c6ab5838,용우리,1973-05-02,52,Male,서울특별시 성북구 종암로5길
3f9b4f39-31cc-41e8-bc83-0ebca4d6e38a,사공동현,1972-11-27,53,Male,서울특별시 성북구 화랑로19길
2f9367b0-3149-4259-8e90-bb343b28d65f,용승윤,1990-02-26,35,Female,서울특별시 중랑구 망우로61길
1aa63693-80f1-472b-b8bf-bef2b5f71e6d,차현아,2008-11-13,17,Female,서울특별시 송파구 문정로50길
7a29ee97-43b3-42fb-a946-3898a2bf1f97,음세영,1965-03-19,60,Female,서울특별시 종로구 자하문로95길
8758b52c-cf97-4522-b2a6-1bf4a3efada0,간준민,1966-04-12,59,Female,서울특별시 강서구 양천로21길
e900e5be-bde3-47d8-aa8a-6be65285553b,팽윤지,2002-03-02,23,Male,서울특별시 중랑구 망우로11길
d6ab4bfb-10d5-4dbb-b193-277708237776,서문다솜,2003-03-21,22,Female,서울특별시 중구 청계천로80길
be0912cb-afa2-4b5b-9f5b-1c0ac0d161ae,기지아,1987-05-22,38,Female,서울특별시 강동구 천호대로49길
4f7a92d5-1ae3-4953-adca-305086e94937,국지영,1970-11-19,55,Female,서울특별시 영등포구 영등포로93길
9a623b00-f247-4f00-8880-77c179b1483f,위아정,2000-09-05,25,Female,서울특별시 금천구 시흥대로71길
3175608f-f9de-411c-8938-aff2ef9e58cb,경가희,2004-05-01,21,Female,서울특별시 성북구 종암로40길
8d0988b1-869e-4cfc-bafe-9a1f13418820,목재호,1986-08-03,39,Female,서울특별시 송파구 중대로70길
df052748-db84-4da1-9c0d-1a56eaeb2ed6,황보강현,1991-01-22,34,Male,서울특별시 중구 을지로15길
8037b7a9-2e19-4f0f-901f-380724db04a1,김시준,1995-04-14,30,Female,서울특별시 종로구 율곡로74길
9fcf032e-eaa6-400f-ba7c-e6c8ee894213,음현,2009-06-26,16,Male,서울특별시 강남구 봉은사로51길
0307d25c-8064-4abc-84b2-165710e5b9f1,엄예윤,1970-02-04,55,Male,서울특별시 은평구 연서로32길
1dc5b18b-9698-49d6-8ca1-1479c6540dd2,인가을,1984-09-21,41,Male,서울특별시 광진구 능동로21길
3942b12a-cb86-4492-8f3e-cd687330a9a0,사공규원,1980-02-11,45,Female,서울특별시 강남구 강남대로30길
f5130b30-742f-4c2d-8769-bd0a7d39a9a4,제갈태빈,1992-11-07,33,Female,서울특별시 서초구 남부순환로62길
9337b351-65ef-4c46-ba80-aeae1ca489db,옥희재,1989-04-18,36,Female,서울특별시 성동구 왕십리로94길
63402e60-6500-4e03-b467-4503f92a988c,황보태이,1995-02-07,30,Male,서울특별시 노원구 노해로52길
76004d3b-de9e-4885-a689-02b149c53678,당찬희,1980-05-19,45,Female,서울특별시 성북구 종암로19길
ea920606-5c38-41f9-bb3e-09e54e5ae301,강연준,1976-03-07,49,Male,서울특별시 강남구 도산대로39길
4662b27e-9d78-4acb-9a45-43e5d4c0037e,우세령,1975-06-03,50,Female,서울특별시 은평구 증산로6길
cfffa4a1-b63a-4a77-988a-281faf120d6a,동해준,1979-03-17,46,Male,서울특별시 관악구 난곡로46길
59d548a8-d06d-401d-bdb1-0632a0305007,연시준,1991-09-17,34,Female,서울특별시 관악구 관악로42길
9f6ac07d-1c03-418a-96b0-94bea688e096,천로하,2008-06-22,17,Female,서울특별시 강동구 성내로52길
fdb7b81a-913f-41f1-ab99-1d9ff19fd64e,엄예림,2008-08-18,17,Male,서울특별시 강남구 도산대로2길
0eee8d43-5eee-4768-8203-aedd7d4073b7,한초아,1993-01-15,32,Male,서울특별시 동대문구 답십리로77길
94afcfe0-8cb6-4690-a091-115cd19a539d,황소율,1971-12-15,54,Female,서울특별시 강남구 선릉로95길
dd7792ed-f0d4-4cfd-adc4-fceb0af3cd54,천하진,1978-08-28,47,Female,서울특별시 용산구 청파로45길
aac7e08c-d371-4369-9600-40efe0ffb6aa,소민율,1982-08-18,43,Male,서울특별시 종로구 자하문로83길
529c99d7-a7bf-42a1-93cb-0aa54ce26c4c,음세영,2004-04-02,21,Male,서울특별시 종로구 사직로6길
e9e39e37-6007-4a0c-a956-f005d5480e40,복시안,1989-11-06,36,Male,서울특별시 성북구 종암로33길
d069894d-15df-4be7-b2fe-5362cd3421b9,곽재은,1983-05-10,42,Male,서울특별시 강남구 논현로52길
0363c033-cdce-4213-990d-9e1e457aeb50,지규빈,1993-05-19,32,Female,서울특별시 영등포구 여의대로51길
1093f651-4789-4313-b2a8-48ec1152b9f3,배재영,1985-11-15,40,Female,서울특별시 구로구 디지털로68길
41a6c702-d271-40c3-b0eb-7975fca6341c,강태인,1970-12-01,55,Female,서울특별시 강북구 노해로5길
d801a0cf-0c4e-490b-a152-00a35d4204af,길재형,2002-06-21,23,Female,서울특별시 강북구 도봉로9길
fa5a4219-4c7e-45fc-b314-445d5ee2cc39,예혜윤,1976-03-02,49,Male,서울특별시 송파구 문정로36길
1b36f5f2-6e35-41d1-aa35-6966fbaaf371,임유정,1997-06-02,28,Female,서울특별시 송파구 올림픽로74길
103dabf2-19a8-427f-b346-6df58b5de7e4,홍건영,1965-09-12,60,Male,서울특별시 영등포구 국회대로67길
60a7d809-8b7a-46c2-bf25-8e0a9f5edf06,위아인,1975-02-10,50,Male,서울특별시 양천구 신정로38길
e28adabd-b75f-4851-94f2-e7cabdbe0e8d,석주하,2003-07-03,22,Male,서울특별시 용산구 한강대로67길
08b425cc-a3c5-4f32-aa27-ef1b330b8990,방준형,1964-10-11,61,Male,서울특별시 동작구 사당로58길
8b201a24-8971-484f-ad51-e4a78273bb48,길가희,2010-06-12,15,Female,서울특별시 용산구 한강대로82길
14ba424a-8885-4979-a6d6-4192ebc1a122,선가희,1980-03-25,45,Male,서울특별시 금천구 시흥대로79길
f59fb78f-8b22-4ee0-9c48-e0619c7aef49,모우영,1993-08-01,32,Female,서울특별시 강남구 강남대로49길
03424e80-676a-4c03-b0cf-0cafb36186b4,공시호,2006-06-23,19,Female,서울특별시 중랑구 면목로27길
d39d5870-d86e-49e2-b8c3-5dc65772027f,방원우,1995-07-26,30,Male,서울특별시 서대문구 통일로48길
98107579-f307-4980-ac26-05721c5866a9,왕하민,2005-10-14,20,Female,서울특별시 관악구 관악로66길
d44b7b9c-0277-43eb-9f5f-6f311ebfb49c,음희윤,1989-10-12,36,Male,서울특별시 강남구 영동대로1길
009f7d60-427b-4c65-afa2-410b4a389ead,당라엘,1963-03-24,62,Male,서울특별시 강동구 올림픽로10길
1f53d818-a1bc-4a7b-b58a-0ef1376efaec,온주성,2004-09-28,21,Female,서울특별시 강동구 양재대로65길
d0098110-7fbd-4177-81d7-e369daa434db,목서연,1995-01-04,30,Female,서울특별시 강서구 양천로53길
3691eba9-8576-4e43-bede-9a4818145f7e,기현우,1982-05-17,43,Female,서울특별시 성동구 금호로13길
b3ec2fb2-caad-43d2-a07a-73408a3c716b,김연지,2007-05-05,18,Male,서울특별시 은평구 연서로15길
fa901c54-cef7-4ad8-88d8-9ccc9c7ac7ff,하희찬,2003-11-24,22,Male,서울특별시 금천구 시흥대로16길
91c198d6-a25a-4c0b-a3c5-716708063fe7,손도경,2008-05-27,17,Male,서울특별시 동대문구 천호대로61길
61cf157f-cba1-4346-8ef2-1355455c8582,목유라,1998-10-24,27,Male,서울특별시 강남구 논현로67길
7fae9d4f-5206-42c7-8a8e-335b70fdf6f3,원가빈,1966-03-21,59,Male,서울특별시 관악구 난곡로96길
5c22821e-e6ba-4937-921b-ea35732e6272,팽재우,2000-11-01,25,Female,서울특별시 성북구 보문로74길
06e5acc5-8b0a-4114-bab9-99cceed86700,문루나,2006-09-23,19,Female,서울특별시 중구 청계천로7길
0b057e10-e00f-476d-8edd-439b45027d54,방새봄,1995-06-21,30,Female,서울특별시 영등포구 영등포로65길
434e6a49-2af1-428d-86c4-6d7105aa582f,선이진,1987-05-12,38,Female,서울특별시 성동구 금호로82길
be7e1ee3-0105-43aa-8544-1b71d9425d76,팽가람,1962-11-06,63,Male,서울특별시 중구 세종대로40길
2fd26979-8d11-44f2-9167-35fd6e841970,이가을,1999-11-16,26,Male,서울특별시 강동구 올림픽로17길
d1ae0c60-8fc3-418f-80e9-fa661515680e,용태현,1973-12-01,52,Female,서울특별시 강북구 도봉로29길
9c5ebff5-b2f4-4102-b71e-a558238fd4eb,심지우,1991-06-12,34,Male,서울특별시 성북구 보문로30길
2c8df8ae-80a0-4f5a-bb52-c378a709fbc4,김유주,1979-03-03,46,Male,서울특별시 강서구 화곡로27길
4041157a-23a6-4e66-9d71-f763da3e369d,단태오,2002-03-05,23,Male,서울특별시 구로구 구로중앙로27길
f70dc77e-f114-4acb-9460-88a91af61329,사공연주,1974-01-26,51,Female,서울특별시 강동구 올림픽로55길
c631c294-6ee6-45c5-9122-ec8b0f626016,두이담,1976-02-01,49,Female,서울특별시 송파구 올림픽로72길
37949512-8859-47f5-9ed4-cd2e17cf8704,선우하라,1998-11-08,27,Male,서울특별시 강북구 도봉로75길
277fd5d7-f08b-4c6e-b4c2-809f6cf46673,이현빈,1961-04-24,64,Male,서울특별시 송파구 올림픽로28길
bd29906b-6c18-46f2-883f-7281e9732f42,양예성,2007-02-22,18,Female,서울특별시 강북구 삼양로27길
16c35dee-6d76-4782-8086-14dac21c54a0,당희찬,2004-03-14,21,Female,서울특별시 송파구 백제고분로38길
08d78e86-c476-4020-b852-cd2024262a5e,금주혁,1998-05-14,27,Male,서울특별시 은평구 불광로3길
cca82182-8962-4041-86f4-adc7f3114fbe,국로희,2009-06-09,16,Male,서울특별시 동작구 흑석로86길
8b78eca5-6962-4e70-beaa-911e5c40c81d,시재이,1999-11-14,26,Female,서울특별시 도봉구 도봉로7길
e828863a-c038-4d9e-8a14-3cbbb9dce0a7,인서원,1987-05-25,38,Male,서울특별시 마포구 독막로4길
0c2259b2-0330-4666-821d-b231c8c0201d,천다겸,1993-05-01,32,Male,서울특별시 종로구 삼봉로69길
f3880551-2ccc-41b0-80d3-7140cb9461d7,복성훈,1969-10-21,56,Male,서울특별시 광진구 자양로86길
41570657-ae8e-4793-adf2-4ef28b186d84,갈승헌,1990-12-19,35,Female,서울특별시 종로구 세종대로6길
f91a00f5-a2a0-4031-bbdd-ffc0abe851b7,육아람,1994-02-27,31,Male,서울특별시 금천구 시흥대로99길
bfdbe807-928c-4cb8-829b-1a9111986510,오하진,2002-05-11,23,Female,서울특별시 금천구 가산디지털1로37길
58b9d92a-138a-4f8d-bd79-f96f7491d5ea,고온유,1999-02-11,26,Male,서울특별시 중랑구 면목로17길
ed0e1cb5-efd6-4e6a-aa83-719c184e0d46,피은수,2006-05-23,19,Male,서울특별시 종로구 자하문로1길
9939d43f-bfc8-488d-8b6f-da1644891d7e,성소유,2005-11-18,20,Female,서울특별시 서대문구 연희로52길
44649802-3b5b-4a1d-bf58-ec1786049230,용승헌,1967-08-13,58,Female,서울특별시 마포구 양화로34길
9b266068-3eb0-429e-be02-ec84ba37af5c,빈이안,1988-10-04,37,Female,서울특별시 서대문구 명지대길11길
7ebc0141-5d8b-4fcf-8071-768d982c8b01,선우준영,1974-09-23,51,Female,서울특별시 강북구 노해로2길
b289a2d5-f7f4-44de-b5a5-678573f8ef0c,편혁,1978-11-12,47,Male,서울특별시 노원구 동일로48길
82e49c9c-0615-4bee-982a-44dd10e62019,제갈현빈,1977-11-17,48,Female,서울특별시 성동구 금호로47길
33180c7e-7833-4700-88c1-f23f0c5b0a75,선희수,1978-12-22,47,Male,서울특별시 중구 세종대로55길
52732cf1-a748-4ebb-af37-f5caabaf1c32,김유미,1978-04-07,47,Male,서울특별시 양천구 목동중앙본로31길
827f18b5-077c-4966-9e35-5faa33dd083c,어우성,1975-11-05,50,Male,서울특별시 송파구 가락로96길
35aeeb90-24df-4b61-88ae-7a5f6999fc90,단민서,2006-03-10,19,Female,서울특별시 마포구 신촌로69길
6badc618-10ef-42a4-a2b3-d321a6637595,두현수,2007-02-07,18,Female,서울특별시 중랑구 면목로72길
db617354-1594-4d61-9fc9-2f990cd668f8,사원,1973-07-10,52,Male,서울특별시 도봉구 노해로66길
45e2697f-5909-40de-a13a-f512b0a5c757,조진주,1990-03-16,35,Male,서울특별시 서초구 강남대로31길
41241564-549f-4f5f-a97c-a61852211e5d,동보미,1993-03-27,32,Male,서울특별시 동작구 사당로39길
e2e220cc-19bc-4593-bd02-e96fce6ba829,소영준,1968-04-25,57,Female,서울특별시 동대문구 왕산로84길
31ad7c2d-fc54-4bc0-9f09-a2950eb95365,두정현,2002-08-24,23,Male,서울특별시 성북구 화랑로42길
80d86e5b-269c-4a65-bdf0-c81f308ede6e,남궁세훈,1980-12-27,45,Female,서울특별시 금천구 시흥대로54길
d0d26c62-acad-4bf9-bd0b-717c61bb1161,조로이,1962-12-26,63,Male,서울특별시 구로구 구로중앙로91길
63209eac-d836-4828-aa95-c360970f6f35,금민서,1972-12-02,53,Female,서울특별시 강동구 천호대로77길
4e8d76ff-688e-41c0-b455-8ec0a944f7b1,온보현,2005-05-13,20,Male,서울특별시 중랑구 면목로32길
a6030711-c225-47f6-bd15-90ae00a9b224,하하랑,1997-10-04,28,Female,서울특별시 종로구 종로17길
3511ba75-2817-440e-94e4-a10bfa458322,함하영,1998-12-01,27,Female,서울특별시 서대문구 명지대길62길
bd22fcf7-b009-4276-a7f6-d0027c3b8dbe,가겸,2001-01-10,24,Female,서울특별시 광진구 자양로29길
7bc98c61-84b2-488c-8f98-76a5118c13f5,류우영,1977-11-14,48,Female,서울특별시 관악구 남부순환로45길
fbd868ca-eed0-4d2d-9862-0a592c345708,서민,1980-12-13,45,Male,서울특별시 강남구 봉은사로31길
7d02ec33-c6e5-4d20-be71-95d93af7eafd,피나희,1995-05-16,30,Male,서울특별시 서대문구 통일로100길
57c27cfa-91c0-4943-999a-8132c2555534,류현석,1973-02-21,52,Male,서울특별시 영등포구 여의대로79길
cc058f59-49c5-4cf4-83d6-6849ea2ccb96,상세훈,1999-11-07,26,Female,서울특별시 성동구 금호로63길
8a3aa8d3-9524-494f-a19b-b74e650afe1c,갈다솜,2010-09-21,15,Female,서울특별시 서대문구 연희로66길
40b59a0d-ade8-4e80-8851-4c4d51dc665e,인준,1996-09-01,29,Female,서울특별시 송파구 백제고분로55길
57bd290d-4af8-4a87-9736-0a37f96720c2,설은재,1978-11-16,47,Male,서울특별시 용산구 이태원로19길
d26981b7-7c95-44c7-9e75-a7c1a692c87b,문대현,2003-04-03,22,Female,서울특별시 종로구 사직로33길
f97fcc28-5c87-4615-9c3e-fd864e7cfb34,진하랑,2007-04-10,18,Female,서울특별시 용산구 청파로49길
5493d8e8-a54e-4f23-8333-62ee36b51dd0,배다영,1981-08-28,44,Female,서울특별시 강동구 양재대로48길
26412636-ad8d-4277-be5e-8d4c7978d49d,부효준,1994-04-23,31,Male,서울특별시 서초구 남부순환로71길
8c7fa019-5b91-4f59-8d5e-7ff24c4c7c7f,경영찬,1975-11-06,50,Female,서울특별시 동대문구 천호대로40길
368d3b11-45fc-4e42-9d17-940c68a598c3,백유림,1976-06-06,49,Male,서울특별시 송파구 중대로61길
95e91d44-e648-4607-9191-f3dbcd1acdde,남윤찬,2010-12-10,15,Female,서울특별시 서초구 서초대로11길
bf5b2308-c226-49c4-be5d-c296c392f096,사공지영,1963-09-12,62,Female,서울특별시 서초구 남부순환로65길
c4a3a345-6584-4eae-adca-129279f49c7e,설은율,1985-07-16,40,Male,서울특별시 중랑구 중랑천로17길
015bb08f-f132-4ab1-aeaf-a566d0718343,음효원,1978-11-15,47,Female,서울특별시 동대문구 왕산로72길
e25552a5-800c-4121-b60b-561aaecb8aaa,주민찬,2004-02-04,21,Male,서울특별시 구로구 경인로23길
bc42c79d-dbeb-4357-8c70-f1751b236b1a,윤하온,2009-10-11,16,Male,서울특별시 중구 필동로54길
ca4c1c26-261d-40c4-9f3a-7006a126a38d,이혜정,1976-08-10,49,Female,서울특별시 성북구 화랑로45길
b23b8d04-dc65-4790-88f4-c0545ab41906,승경민,1993-12-09,32,Male,서울특별시 마포구 마포대로31길
881ccace-494e-4e9a-80ac-d4dae0c46738,박재율,1968-10-15,57,Female,서울특별시 은평구 연서로23길
1c99e30e-5594-4ff2-84bd-a6a189d59b89,형아율,1971-10-27,54,Female,서울특별시 마포구 월드컵로90길
39eba044-96df-4e0e-a7b5-1cb2718b54c8,승재빈,1965-08-03,60,Male,서울특별시 광진구 광나루로96길
3f1358db-5e92-4f6f-8928-bb06c47ec512,황송현,1995-07-21,30,Male,서울특별시 서초구 신반포로38길
973147d3-2dea-4af6-89be-8d745e1b5956,간준석,2003-02-06,22,Male,서울특별시 동대문구 왕산로67길
c4a3d2b8-fef2-4658-aa31-687d21695caf,황보효은,2009-07-20,16,Male,서울특별시 영등포구 여의대로20길
2acae2b4-8a0d-4d6a-9ebe-a4a979560935,류윤찬,1977-03-24,48,Female,서울특별시 금천구 가산디지털1로39길
628d02af-02d8-4240-87aa-57c7370e814a,피다은,1983-01-09,42,Female,서울특별시 양천구 오목로18길
c0a9a6d6-9efb-45d7-a0a9-92eed19df3c0,노태하,1995-09-24,30,Female,서울특별시 성동구 왕십리로81길
28667492-9936-4a62-be58-c75e2b0711fd,마준하,1973-08-05,52,Female,서울특별시 강동구 성내로58길
5e9b952d-9112-4884-8bba-287c3cfd8f74,강정환,1983-05-04,42,Female,서울특별시 동작구 사당로76길
f0d95790-e885-4e3b-9994-cfb33c54bb62,동나율,1963-05-14,62,Male,서울특별시 마포구 독막로18길
ef02115f-4b49-4bec-abf2-644d3e4f4cf2,천효원,2003-04-04,22,Male,서울특별시 마포구 독막로3길
79a4bfe0-e940-458b-a403-6a63f49d1e05,김민재,1982-09-17,43,Male,서울특별시 종로구 자하문로59길
b55fbc97-a0dc-4d14-a873-ae2cf4e23723,감하늘,1960-06-01,65,Male,서울특별시 중랑구 중랑천로42길
1574c366-e01b-4da7-9152-fa49248fe2ff,민서원,1968-09-23,57,Male,서울특별시 강서구 양천로100길
51574555-8c85-4d3f-b192-9d5d1ce53399,진재희,2004-04-13,21,Female,서울특별시 서대문구 연희로65길
09a4b87d-1d4a-48a1-a5da-0fc47e4db4cd,예대한,1986-07-08,39,Male,서울특별시 종로구 종로77길
16e96711-330d-49ab-adf0-e8b61eab09c1,전대한,1960-04-03,65,Female,서울특별시 영등포구 여의대로29길
ccb1e168-a603-4dc7-acce-3abe90093c74,육유은,1991-04-28,34,Male,서울특별시 노원구 동일로7길
8834fa1a-4d87-4db0-b041-c738942310e2,서로은,1978-07-22,47,Female,서울특별시 종로구 세종대로13길
aad022b2-a711-4498-b71b-ddc500f54bd0,육나영,2005-12-09,20,Female,서울특별시 강남구 봉은사로91길
4f33eaaf-d53c-4ac0-8242-4fab06670116,이겸,1968-05-09,57,Female,서울특별시 영등포구 선유로78길
8a8548a9-922f-4da5-a25f-15800147bca3,오정연,1985-01-10,40,Male,서울특별시 광진구 아차산로44길
737b8abb-94a7-4c9d-91e3-b93e07068579,신규진,1961-06-04,64,Male,서울특별시 중구 세종대로90길
6118e1b5-9d3b-418f-9dca-65338d073e2b,이성주,2006-05-24,19,Male,서울특별시 영등포구 선유로1길
307fa0c0-dc29-44a1-b6a9-9bf06eb199cb,두서율,1979-04-11,46,Female,서울특별시 강서구 양천로19길
a78306a8-0081-40aa-a79d-21ca0b132002,범시훈,1977-12-25,48,Female,서울특별시 영등포구 선유로88길
